backbone_id	mash_graph_edge_count	mash_graph_within_edge_count	mash_graph_external_neighbor_count	mash_graph_bridge_fraction	mash_graph_novelty_score
AA800	1712	213	0	0.8755841121495327	1.0
AA941	1448	36	0	0.9751381215469613	1.0
AA955	1447	173	0	0.8804422944022114	1.0
AA002	1351	4	0	0.997039230199852	1.0
AA038	1216	16	0	0.9868421052631579	1.0
AA840	1211	55	0	0.9545829892650702	1.0
AA345	1141	13	0	0.9886064855390009	1.0
AA018	981	45	0	0.9541284403669725	1.0
AC163	880	29	0	0.9670454545454545	1.0
AA996	873	209	0	0.7605956471935853	1.0
AA411	833	35	0	0.957983193277311	1.0
AA848	687	22	0	0.9679767103347889	1.0
AB595	641	32	0	0.9500780031201248	1.0
AB461	624	22	0	0.9647435897435898	1.0
AB460	605	14	0	0.9768595041322314	1.0
AB721	576	21	0	0.9635416666666666	1.0
AB434	494	21	0	0.9574898785425101	1.0
AA751	386	79	0	0.7953367875647669	1.0
AA902	332	54	0	0.8373493975903614	1.0
AC748	327	3	0	0.9908256880733946	1.0
AC333	317	17	0	0.9463722397476341	1.0
AA742	284	78	0	0.7253521126760564	1.0
AC627	261	13	0	0.9501915708812261	1.0
AA474	241	14	0	0.941908713692946	1.0
AA977	231	1	0	0.9956709956709957	1.0
AC517	154	15	0	0.9025974025974026	1.0
AC796	146	1	0	0.9931506849315068	1.0
AB685	144	8	0	0.9444444444444444	1.0
AB042	142	6	0	0.9577464788732394	1.0
AB114	139	1	0	0.9928057553956835	1.0
AA860	138	7	0	0.9492753623188406	1.0
AA531	137	0	0	1.0	1.0
AB040	130	0	0	1.0	1.0
AA409	128	3	0	0.9765625	1.0
AB720	115	10	0	0.9130434782608695	1.0
AA598	114	9	0	0.9210526315789473	1.0
AA079	110	19	0	0.8272727272727273	1.0
AA147	105	1	0	0.9904761904761905	1.0
AA337	101	3	0	0.9702970297029703	1.0
AB272	99	6	0	0.9393939393939394	1.0
AC129	98	0	0	1.0	1.0
AA667	96	2	0	0.9791666666666666	1.0
AA103	95	0	0	1.0	1.0
AB621	94	20	0	0.7872340425531915	1.0
AA063	92	10	0	0.8913043478260869	1.0
AA519	90	3	0	0.9666666666666667	1.0
AF086	90	15	0	0.8333333333333334	1.0
AA275	84	2	0	0.9761904761904762	1.0
AB702	80	2	0	0.975	1.0
AA579	79	0	0	1.0	1.0
AB082	77	1	0	0.987012987012987	1.0
AA372	72	5	0	0.9305555555555556	1.0
AA336	71	3	0	0.9577464788732394	1.0
AA184	68	10	0	0.8529411764705882	1.0
AA406	68	0	0	1.0	1.0
AC677	64	32	0	0.5	1.0
AB978	61	1	0	0.9836065573770492	1.0
AA410	60	6	0	0.9	1.0
AB045	60	0	0	1.0	1.0
AA269	53	3	0	0.9433962264150944	1.0
AA552	52	9	0	0.8269230769230769	1.0
AF632	50	0	0	1.0	1.0
AA656	48	3	0	0.9375	1.0
AA176	44	1	0	0.9772727272727273	1.0
AB233	44	1	0	0.9772727272727273	1.0
AB642	44	14	0	0.6818181818181818	1.0
AB687	40	0	0	1.0	1.0
AA661	40	2	0	0.95	1.0
AA739	37	1	0	0.972972972972973	1.0
AB080	37	5	0	0.8648648648648649	1.0
AB169	36	1	0	0.9722222222222222	1.0
AC120	36	3	0	0.9166666666666666	1.0
AC888	36	0	0	1.0	1.0
AA849	34	11	0	0.6764705882352942	1.0
AB860	33	0	0	1.0	1.0
AA114	32	1	0	0.96875	1.0
AC511	32	2	0	0.9375	1.0
AD723	30	0	0	1.0	1.0
AA650	30	1	0	0.9666666666666667	1.0
AA752	29	0	0	1.0	1.0
AD943	28	0	0	1.0	1.0
AB161	28	1	0	0.9642857142857143	1.0
AD488	28	6	0	0.7857142857142857	1.0
AF686	27	3	0	0.8888888888888888	1.0
AA979	26	1	0	0.9615384615384616	1.0
AC313	26	3	0	0.8846153846153846	1.0
AC309	24	1	0	0.9583333333333334	1.0
AA046	23	0	0	1.0	1.0
AD485	22	0	0	1.0	1.0
AD548	22	1	0	0.9545454545454546	1.0
AC629	22	5	0	0.7727272727272727	1.0
AB081	22	1	0	0.9545454545454546	1.0
AA724	21	0	0	1.0	1.0
AC308	21	3	0	0.8571428571428571	1.0
AC203	21	0	0	1.0	1.0
AA200	21	3	0	0.8571428571428571	1.0
AA947	21	0	0	1.0	1.0
AA738	20	0	0	1.0	1.0
AE427	20	1	0	0.95	1.0
AC113	20	1	0	0.95	1.0
AB241	20	0	0	1.0	1.0
AB859	19	0	0	1.0	1.0
AA841	19	0	0	1.0	1.0
AA010	19	0	0	1.0	1.0
AA457	18	1	0	0.9444444444444444	1.0
AE233	18	1	0	0.9444444444444444	1.0
AA266	18	1	0	0.9444444444444444	1.0
AC951	18	1	0	0.9444444444444444	1.0
AA862	18	1	0	0.9444444444444444	1.0
AC623	17	1	0	0.9411764705882353	1.0
AC686	17	0	0	1.0	1.0
AB232	17	0	0	1.0	1.0
AB858	17	0	0	1.0	1.0
AC030	16	1	0	0.9375	1.0
AA001	16	0	0	1.0	1.0
AB979	16	0	0	1.0	1.0
AA357	16	2	0	0.875	1.0
AA865	16	6	0	0.625	1.0
AB781	16	6	0	0.625	1.0
AE689	16	1	0	0.9375	1.0
AE088	16	1	0	0.9375	1.0
AB442	15	0	0	1.0	1.0
AC100	15	1	0	0.9333333333333333	1.0
AD480	15	0	0	1.0	1.0
AA237	14	0	0	1.0	1.0
AC320	14	4	0	0.7142857142857143	1.0
AA619	14	1	0	0.9285714285714286	1.0
AA551	14	1	0	0.9285714285714286	1.0
AA363	14	0	0	1.0	1.0
AA671	14	1	0	0.9285714285714286	1.0
AB324	14	1	0	0.9285714285714286	1.0
AD481	14	1	0	0.9285714285714286	1.0
AA379	13	4	0	0.6923076923076923	1.0
AB724	13	0	0	1.0	1.0
AA338	13	1	0	0.9230769230769231	1.0
AB947	13	0	0	1.0	1.0
AA083	13	1	0	0.9230769230769231	1.0
AD962	12	0	0	1.0	1.0
AC199	12	1	0	0.9166666666666666	1.0
AA627	12	1	0	0.9166666666666666	1.0
AA525	12	0	0	1.0	1.0
AB999	12	0	0	1.0	1.0
AD216	12	3	0	0.75	1.0
AB446	12	0	0	1.0	1.0
AA150	12	3	0	0.75	1.0
AA792	12	3	0	0.75	1.0
AA558	12	1	0	0.9166666666666666	1.0
AA521	11	0	0	1.0	1.0
AA274	10	0	0	1.0	1.0
AB056	10	1	0	0.9	1.0
AB319	10	0	0	1.0	1.0
AD593	10	1	0	0.9	1.0
AA517	10	0	0	1.0	1.0
AB421	10	5	0	0.5	1.0
AG158	10	0	0	1.0	1.0
AD034	9	0	0	1.0	1.0
AA304	9	0	0	1.0	1.0
AD536	9	0	0	1.0	1.0
AA919	9	2	0	0.7777777777777778	1.0
AE283	9	3	0	0.6666666666666666	1.0
AB788	9	3	0	0.6666666666666666	1.0
AB783	9	3	0	0.6666666666666666	1.0
AB674	9	3	0	0.6666666666666666	1.0
AB779	9	1	0	0.8888888888888888	1.0
AA175	9	0	0	1.0	1.0
AC357	9	0	0	1.0	1.0
AA327	9	0	0	1.0	1.0
AF844	9	3	0	0.6666666666666666	1.0
AB361	9	0	0	1.0	1.0
AA405	8	0	0	1.0	1.0
AD942	8	0	0	1.0	1.0
AA539	8	0	0	1.0	1.0
AB193	8	0	0	1.0	1.0
AA425	8	1	0	0.875	1.0
AB413	8	1	0	0.875	1.0
AC296	8	2	0	0.75	1.0
AB371	8	0	0	1.0	1.0
AA668	8	0	0	1.0	1.0
AC570	8	4	0	0.5	1.0
AA449	8	0	0	1.0	1.0
AC387	8	0	0	1.0	1.0
AA932	8	0	0	1.0	1.0
AA253	8	0	0	1.0	1.0
AF069	8	1	0	0.875	1.0
AA628	8	1	0	0.875	1.0
AA343	8	0	0	1.0	1.0
AB891	8	1	0	0.875	1.0
AG000	8	0	0	1.0	1.0
AA161	7	0	0	1.0	1.0
AB275	7	0	0	1.0	1.0
AA730	7	0	0	1.0	1.0
AA842	7	0	0	1.0	1.0
AB187	7	0	0	1.0	1.0
AE050	7	0	0	1.0	1.0
AB709	7	0	0	1.0	1.0
AB148	7	0	0	1.0	1.0
AB235	7	0	0	1.0	1.0
AB722	7	0	0	1.0	1.0
AC408	7	3	0	0.5714285714285714	1.0
AD651	7	0	0	1.0	1.0
AA578	7	0	0	1.0	1.0
AB982	7	0	0	1.0	1.0
AE520	6	0	0	1.0	1.0
AA851	6	0	0	1.0	1.0
AA733	6	0	0	1.0	1.0
AC956	6	0	0	1.0	1.0
AD164	6	1	0	0.8333333333333334	1.0
AB672	6	1	0	0.8333333333333334	1.0
AF249	6	1	0	0.8333333333333334	1.0
AA680	6	1	0	0.8333333333333334	1.0
AC716	6	0	0	1.0	1.0
AA710	6	1	0	0.8333333333333334	1.0
AC942	6	0	0	1.0	1.0
AD182	6	1	0	0.8333333333333334	1.0
AC105	6	0	0	1.0	1.0
AC125	6	1	0	0.8333333333333334	1.0
AD785	6	0	0	1.0	1.0
AC507	6	1	0	0.8333333333333334	1.0
AA837	6	0	0	1.0	1.0
AA634	6	0	0	1.0	1.0
AA698	6	0	0	1.0	1.0
AC067	6	3	0	0.5	1.0
AA970	6	0	0	1.0	1.0
AC116	6	3	0	0.5	1.0
AB320	6	1	0	0.8333333333333334	1.0
AB172	6	2	0	0.6666666666666666	1.0
AB631	6	1	0	0.8333333333333334	1.0
AA303	6	1	0	0.8333333333333334	1.0
AC645	6	0	0	1.0	1.0
AD969	6	1	0	0.8333333333333334	1.0
AC807	6	1	0	0.8333333333333334	1.0
AB646	6	0	0	1.0	1.0
AB867	6	0	0	1.0	1.0
AB581	6	0	0	1.0	1.0
AF123	6	0	0	1.0	1.0
AB329	6	1	0	0.8333333333333334	1.0
AC818	6	0	0	1.0	1.0
AD858	5	0	0	1.0	1.0
AA356	5	0	0	1.0	1.0
AA951	5	0	0	1.0	1.0
AB240	5	0	0	1.0	1.0
AD650	5	0	0	1.0	1.0
AC347	5	1	0	0.8	1.0
AE901	5	0	0	1.0	1.0
AA346	5	0	0	1.0	1.0
AC621	5	0	0	1.0	1.0
AG114	5	0	0	1.0	1.0
AA183	5	0	0	1.0	1.0
AA747	5	0	0	1.0	1.0
AF432	5	0	0	1.0	1.0
AE536	5	0	0	1.0	1.0
AA576	5	0	0	1.0	1.0
AB881	5	0	0	1.0	1.0
AB628	5	1	0	0.8	1.0
AA256	5	0	0	1.0	1.0
AC587	5	0	0	1.0	1.0
AF151	5	0	0	1.0	1.0
AC162	5	0	0	1.0	1.0
AA976	5	0	0	1.0	1.0
AA675	5	0	0	1.0	1.0
AA324	4	0	0	1.0	1.0
AD158	4	0	0	1.0	1.0
AB653	4	1	0	0.75	1.0
AA400	4	1	0	0.75	1.0
AA731	4	0	0	1.0	1.0
AA130	4	0	0	1.0	1.0
AB648	4	1	0	0.75	1.0
AB072	4	1	0	0.75	1.0
AF030	4	1	0	0.75	1.0
AA515	4	1	0	0.75	1.0
AD917	4	1	0	0.75	1.0
AA456	4	0	0	1.0	1.0
AF524	4	0	0	1.0	1.0
AE015	4	2	0	0.5	1.0
AE685	4	1	0	0.75	1.0
AF250	4	0	0	1.0	1.0
AD539	4	1	0	0.75	1.0
AA279	4	0	0	1.0	1.0
AA178	4	0	0	1.0	1.0
AF667	4	1	0	0.75	1.0
AA705	4	1	0	0.75	1.0
AC945	4	0	0	1.0	1.0
AB851	4	0	0	1.0	1.0
AC682	4	0	0	1.0	1.0
AC738	4	0	0	1.0	1.0
AC110	4	0	0	1.0	1.0
AA153	4	1	0	0.75	1.0
AG064	4	1	0	0.75	1.0
AG174	4	1	0	0.75	1.0
AE458	4	1	0	0.75	1.0
AG033	4	2	0	0.5	1.0
AA254	4	0	0	1.0	1.0
AD254	4	0	0	1.0	1.0
AA243	4	1	0	0.75	1.0
AD293	4	1	0	0.75	1.0
AF321	4	1	0	0.75	1.0
AB652	4	1	0	0.75	1.0
AA448	4	1	0	0.75	1.0
AC069	4	1	0	0.75	1.0
AB303	4	0	0	1.0	1.0
AE236	4	1	0	0.75	1.0
AF582	4	1	0	0.75	1.0
AA084	4	0	0	1.0	1.0
AC070	4	1	0	0.75	1.0
AD384	4	0	0	1.0	1.0
AB640	4	0	0	1.0	1.0
AB401	4	1	0	0.75	1.0
AE768	4	0	0	1.0	1.0
AE965	4	0	0	1.0	1.0
AF318	4	0	0	1.0	1.0
AE917	4	1	0	0.75	1.0
AA553	3	0	0	1.0	1.0
AB742	3	0	0	1.0	1.0
AG446	3	0	0	1.0	1.0
AF954	3	0	0	1.0	1.0
AB136	3	0	0	1.0	1.0
AA543	3	0	0	1.0	1.0
AD181	3	0	0	1.0	1.0
AC676	3	0	0	1.0	1.0
AF111	3	0	0	1.0	1.0
AF794	3	0	0	1.0	1.0
AC670	3	0	0	1.0	1.0
AB229	3	0	0	1.0	1.0
AC751	3	0	0	1.0	1.0
AA577	3	0	0	1.0	1.0
AA159	3	0	0	1.0	1.0
AA524	3	0	0	1.0	1.0
AA601	3	1	0	0.6666666666666666	1.0
AE821	3	0	0	1.0	1.0
AF053	3	0	0	1.0	1.0
AC825	3	0	0	1.0	1.0
AF050	3	0	0	1.0	1.0
AF052	3	0	0	1.0	1.0
AG088	3	0	0	1.0	1.0
AB946	3	1	0	0.6666666666666666	1.0
AB036	3	0	0	1.0	1.0
AD286	3	0	0	1.0	1.0
AD258	3	0	0	1.0	1.0
AB850	3	0	0	1.0	1.0
AA430	3	0	0	1.0	1.0
AC737	3	0	0	1.0	1.0
AE457	3	0	0	1.0	1.0
AD202	3	0	0	1.0	1.0
AA938	3	0	0	1.0	1.0
AD279	3	0	0	1.0	1.0
AC510	3	0	0	1.0	1.0
AE741	3	0	0	1.0	1.0
AA541	3	0	0	1.0	1.0
AE186	3	0	0	1.0	1.0
AD844	3	0	0	1.0	1.0
AG970	3	0	0	1.0	1.0
AE890	3	0	0	1.0	1.0
AB445	3	0	0	1.0	1.0
AB330	2	1	0	0.5	1.0
AC168	2	1	0	0.5	1.0
AE897	2	0	0	1.0	1.0
AA086	2	0	0	1.0	1.0
AA964	2	0	0	1.0	1.0
AB410	2	1	0	0.5	1.0
AA728	2	0	0	1.0	1.0
AA833	2	1	0	0.5	1.0
AD264	2	1	0	0.5	1.0
AC726	2	1	0	0.5	1.0
AG445	2	0	0	1.0	1.0
AG653	2	1	0	0.5	1.0
AB304	2	1	0	0.5	1.0
AA694	2	1	0	0.5	1.0
AB292	2	0	0	1.0	1.0
AD131	2	0	0	1.0	1.0
AD854	2	0	0	1.0	1.0
AD976	2	0	0	1.0	1.0
AA783	2	1	0	0.5	1.0
AC327	2	0	0	1.0	1.0
AF425	2	0	0	1.0	1.0
AD973	2	0	0	1.0	1.0
AE705	2	0	0	1.0	1.0
AA696	2	0	0	1.0	1.0
AA473	2	0	0	1.0	1.0
AF586	2	1	0	0.5	1.0
AD760	2	0	0	1.0	1.0
AD406	2	0	0	1.0	1.0
AG433	2	1	0	0.5	1.0
AD603	2	1	0	0.5	1.0
AB258	2	1	0	0.5	1.0
AB673	2	1	0	0.5	1.0
AE319	2	1	0	0.5	1.0
AC586	2	1	0	0.5	1.0
AF252	2	0	0	1.0	1.0
AD244	2	0	0	1.0	1.0
AF865	2	0	0	1.0	1.0
AF034	2	0	0	1.0	1.0
AA082	2	1	0	0.5	1.0
AF455	2	1	0	0.5	1.0
AA295	2	1	0	0.5	1.0
AA276	2	0	0	1.0	1.0
AE430	2	0	0	1.0	1.0
AB186	2	1	0	0.5	1.0
AB690	2	0	0	1.0	1.0
AC169	2	0	0	1.0	1.0
AA693	2	0	0	1.0	1.0
AD747	2	0	0	1.0	1.0
AG641	2	1	0	0.5	1.0
AC601	2	0	0	1.0	1.0
AC005	2	1	0	0.5	1.0
AD560	2	0	0	1.0	1.0
AB190	2	0	0	1.0	1.0
AC628	2	1	0	0.5	1.0
AC247	2	0	0	1.0	1.0
AC237	2	1	0	0.5	1.0
AA998	2	0	0	1.0	1.0
AA662	2	0	0	1.0	1.0
AC079	2	0	0	1.0	1.0
AF150	2	0	0	1.0	1.0
AG189	2	0	0	1.0	1.0
AB620	2	0	0	1.0	1.0
AD495	2	1	0	0.5	1.0
AA196	2	1	0	0.5	1.0
AD404	2	1	0	0.5	1.0
AC114	2	1	0	0.5	1.0
AE151	2	0	0	1.0	1.0
AB843	2	1	0	0.5	1.0
AD565	2	1	0	0.5	1.0
AA158	2	0	0	1.0	1.0
AC495	2	1	0	0.5	1.0
AG567	2	1	0	0.5	1.0
AB561	2	1	0	0.5	1.0
AA896	2	0	0	1.0	1.0
AB755	2	1	0	0.5	1.0
AG121	2	0	0	1.0	1.0
AD618	2	1	0	0.5	1.0
AA383	2	0	0	1.0	1.0
AC148	2	0	0	1.0	1.0
AA059	2	1	0	0.5	1.0
AD669	2	0	0	1.0	1.0
AA203	2	1	0	0.5	1.0
AC516	2	0	0	1.0	1.0
AD546	2	0	0	1.0	1.0
AG241	2	1	0	0.5	1.0
AD549	2	0	0	1.0	1.0
AD610	2	0	0	1.0	1.0
AB754	2	1	0	0.5	1.0
AG092	2	1	0	0.5	1.0
AB430	2	0	0	1.0	1.0
AE474	2	1	0	0.5	1.0
AB519	2	0	0	1.0	1.0
AE415	2	1	0	0.5	1.0
AA974	2	0	0	1.0	1.0
AD365	2	0	0	1.0	1.0
AA013	2	1	0	0.5	1.0
AD556	2	1	0	0.5	1.0
AF681	2	0	0	1.0	1.0
AF793	2	0	0	1.0	1.0
AF792	2	0	0	1.0	1.0
AB679	2	1	0	0.5	1.0
AA076	2	0	0	1.0	1.0
AE785	2	0	0	1.0	1.0
AG428	2	0	0	1.0	1.0
AE237	2	0	0	1.0	1.0
AE813	2	1	0	0.5	1.0
AF368	2	0	0	1.0	1.0
AA199	2	0	0	1.0	1.0
AB000	2	0	0	1.0	1.0
AD125	1	0	0	1.0	1.0
AG782	1	0	0	1.0	1.0
AE465	1	0	0	1.0	1.0
AE467	1	0	0	1.0	1.0
AB531	1	0	0	1.0	1.0
AA770	1	0	0	1.0	1.0
AD751	1	0	0	1.0	1.0
AB217	1	0	0	1.0	1.0
AC633	1	0	0	1.0	1.0
AA035	1	0	0	1.0	1.0
AB777	1	0	0	1.0	1.0
AE926	1	0	0	1.0	1.0
AE318	1	0	0	1.0	1.0
AA609	1	0	0	1.0	1.0
AD972	1	0	0	1.0	1.0
AA497	1	0	0	1.0	1.0
AA499	1	0	0	1.0	1.0
AC468	1	0	0	1.0	1.0
AF691	1	0	0	1.0	1.0
AA887	1	0	0	1.0	1.0
AC431	1	0	0	1.0	1.0
AA353	1	0	0	1.0	1.0
AA435	1	0	0	1.0	1.0
AA123	1	0	0	1.0	1.0
AB427	1	0	0	1.0	1.0
AA306	1	0	0	1.0	1.0
AF607	1	0	0	1.0	1.0
AA735	1	0	0	1.0	1.0
AA261	1	0	0	1.0	1.0
AA781	1	0	0	1.0	1.0
AA936	1	0	0	1.0	1.0
AB578	1	0	0	1.0	1.0
AE119	1	0	0	1.0	1.0
AC077	1	0	0	1.0	1.0
AE704	1	0	0	1.0	1.0
AB775	1	0	0	1.0	1.0
AA857	1	0	0	1.0	1.0
AE257	1	0	0	1.0	1.0
AC821	1	0	0	1.0	1.0
AA171	1	0	0	1.0	1.0
AB337	1	0	0	1.0	1.0
AB675	1	0	0	1.0	1.0
AF251	1	0	0	1.0	1.0
AD369	1	0	0	1.0	1.0
AC680	1	0	0	1.0	1.0
AD370	1	0	0	1.0	1.0
AF558	1	0	0	1.0	1.0
AC350	1	0	0	1.0	1.0
AE568	1	0	0	1.0	1.0
AF255	1	0	0	1.0	1.0
AA798	1	0	0	1.0	1.0
AB428	1	0	0	1.0	1.0
AC228	1	0	0	1.0	1.0
AA795	1	0	0	1.0	1.0
AD075	1	0	0	1.0	1.0
AA681	1	0	0	1.0	1.0
AC352	1	0	0	1.0	1.0
AA132	1	0	0	1.0	1.0
AF345	1	0	0	1.0	1.0
AB528	1	0	0	1.0	1.0
AE310	1	0	0	1.0	1.0
AD452	1	0	0	1.0	1.0
AC773	1	0	0	1.0	1.0
AB352	1	0	0	1.0	1.0
AA319	1	0	0	1.0	1.0
AD067	1	0	0	1.0	1.0
AB164	1	0	0	1.0	1.0
AA690	1	0	0	1.0	1.0
AE622	1	0	0	1.0	1.0
AD055	1	0	0	1.0	1.0
AA331	1	0	0	1.0	1.0
AA282	1	0	0	1.0	1.0
AF348	1	0	0	1.0	1.0
AB020	1	0	0	1.0	1.0
AB238	1	0	0	1.0	1.0
AC289	1	0	0	1.0	1.0
AD382	1	0	0	1.0	1.0
AC573	1	0	0	1.0	1.0
AA429	1	0	0	1.0	1.0
AF344	1	0	0	1.0	1.0
AF716	1	0	0	1.0	1.0
AE277	1	0	0	1.0	1.0
AC982	1	0	0	1.0	1.0
AC156	1	0	0	1.0	1.0
AC604	1	0	0	1.0	1.0
AG614	1	0	0	1.0	1.0
AE904	1	0	0	1.0	1.0
AB173	1	0	0	1.0	1.0
AC298	1	0	0	1.0	1.0
AG134	1	0	0	1.0	1.0
AF079	1	0	0	1.0	1.0
AB050	1	0	0	1.0	1.0
AA031	1	0	0	1.0	1.0
AG082	1	0	0	1.0	1.0
AC108	1	0	0	1.0	1.0
AF515	1	0	0	1.0	1.0
AC837	1	0	0	1.0	1.0
AB397	1	0	0	1.0	1.0
AA208	1	0	0	1.0	1.0
AC855	1	0	0	1.0	1.0
AC202	1	0	0	1.0	1.0
AD988	1	0	0	1.0	1.0
AE482	1	0	0	1.0	1.0
AF295	1	0	0	1.0	1.0
AB872	1	0	0	1.0	1.0
AF981	1	0	0	1.0	1.0
AC122	1	0	0	1.0	1.0
AC611	1	0	0	1.0	1.0
AD665	1	0	0	1.0	1.0
AG104	1	0	0	1.0	1.0
AG484	1	0	0	1.0	1.0
AA152	1	0	0	1.0	1.0
AC427	1	0	0	1.0	1.0
AA779	1	0	0	1.0	1.0
AA252	1	0	0	1.0	1.0
AA246	1	0	0	1.0	1.0
AA255	1	0	0	1.0	1.0
AA334	1	0	0	1.0	1.0
AA618	1	0	0	1.0	1.0
AF665	1	0	0	1.0	1.0
AB147	1	0	0	1.0	1.0
AE317	1	0	0	1.0	1.0
AB756	1	0	0	1.0	1.0
AC802	1	0	0	1.0	1.0
AC365	1	0	0	1.0	1.0
AA144	1	0	0	1.0	1.0
AB686	1	0	0	1.0	1.0
AA635	1	0	0	1.0	1.0
AE259	1	0	0	1.0	1.0
AE316	1	0	0	1.0	1.0
AG646	1	0	0	1.0	1.0
AC756	1	0	0	1.0	1.0
AD289	1	0	0	1.0	1.0
AE265	1	0	0	1.0	1.0
AC755	1	0	0	1.0	1.0
AC588	1	0	0	1.0	1.0
AB882	1	0	0	1.0	1.0
AA778	1	0	0	1.0	1.0
AD675	1	0	0	1.0	1.0
AB738	1	0	0	1.0	1.0
AC451	1	0	0	1.0	1.0
AB444	1	0	0	1.0	1.0
AD717	1	0	0	1.0	1.0
AD716	1	0	0	1.0	1.0
AG544	1	0	0	1.0	1.0
AE059	1	0	0	1.0	1.0
AF512	1	0	0	1.0	1.0
AC152	1	0	0	1.0	1.0
AD892	1	0	0	1.0	1.0
AE960	1	0	0	1.0	1.0
AC550	1	0	0	1.0	1.0
AD364	1	0	0	1.0	1.0
AG204	1	0	0	1.0	1.0
AA608	1	0	0	1.0	1.0
AC157	1	0	0	1.0	1.0
AD272	1	0	0	1.0	1.0
AF914	1	0	0	1.0	1.0
AB842	1	0	0	1.0	1.0
AE593	1	0	0	1.0	1.0
AB110	1	0	0	1.0	1.0
AD363	1	0	0	1.0	1.0
AF687	1	0	0	1.0	1.0
AE802	1	0	0	1.0	1.0
AC368	1	0	0	1.0	1.0
AF189	1	0	0	1.0	1.0
AB269	1	0	0	1.0	1.0
AB535	1	0	0	1.0	1.0
AF721	1	0	0	1.0	1.0
AC803	1	0	0	1.0	1.0
AC838	1	0	0	1.0	1.0
AG290	1	0	0	1.0	1.0
AE297	1	0	0	1.0	1.0
AC006	1	0	0	1.0	1.0
AE027	1	0	0	1.0	1.0
AC530	1	0	0	1.0	1.0
AD325	1	0	0	1.0	1.0
AE619	1	0	0	1.0	1.0
AE335	1	0	0	1.0	1.0
AE124	1	0	0	1.0	1.0
AC339	1	0	0	1.0	1.0
AC897	1	0	0	1.0	1.0
AB487	1	0	0	1.0	1.0
AD311	1	0	0	1.0	1.0
AA839	1	0	0	1.0	1.0
AC370	1	0	0	1.0	1.0
AA218	1	0	0	1.0	1.0
AA920	1	0	0	1.0	1.0
AD155	1	0	0	1.0	1.0
AE484	1	0	0	1.0	1.0
AB089	1	0	0	1.0	1.0
AB293	1	0	0	1.0	1.0
AF898	1	0	0	1.0	1.0
AE045	1	0	0	1.0	1.0
AF275	1	0	0	1.0	1.0
AD493	1	0	0	1.0	1.0
AE447	1	0	0	1.0	1.0
AA989	1	0	0	1.0	1.0
AE406	1	0	0	1.0	1.0
AF175	1	0	0	1.0	1.0
AA096	1	0	0	1.0	1.0
AE025	1	0	0	1.0	1.0
AF584	1	0	0	1.0	1.0
AG105	1	0	0	1.0	1.0
AC470	1	0	0	1.0	1.0
AA230	1	0	0	1.0	1.0
AD110	1	0	0	1.0	1.0
AF726	1	0	0	1.0	1.0
AF027	1	0	0	1.0	1.0
AD505	1	0	0	1.0	1.0
AD834	1	0	0	1.0	1.0
AB729	1	0	0	1.0	1.0
AE645	1	0	0	1.0	1.0
AB645	1	0	0	1.0	1.0
AE922	1	0	0	1.0	1.0
AC099	1	0	0	1.0	1.0
AA378	0	0	0	0.0	1.0
AA231	0	0	0	0.0	1.0
AA197	0	0	0	0.0	1.0
AG022	0	0	0	0.0	1.0
AA067	0	0	0	0.0	1.0
AD332	0	0	0	0.0	1.0
AE923	0	0	0	0.0	1.0
AA452	0	0	0	0.0	1.0
AG719	0	0	0	0.0	1.0
AB743	0	0	0	0.0	1.0
AH206	0	0	0	0.0	1.0
AE737	0	0	0	0.0	1.0
AB705	0	0	0	0.0	1.0
AC844	0	0	0	0.0	1.0
AB895	0	0	0	0.0	1.0
AH321	0	0	0	0.0	1.0
AA768	0	0	0	0.0	1.0
AD572	0	0	0	0.0	1.0
AG456	0	0	0	0.0	1.0
AD570	0	0	0	0.0	1.0
AB285	0	0	0	0.0	1.0
AD157	0	0	0	0.0	1.0
AE740	0	0	0	0.0	1.0
AF917	0	0	0	0.0	1.0
AG311	0	0	0	0.0	1.0
AF907	0	0	0	0.0	1.0
AC111	0	0	0	0.0	1.0
AG362	0	0	0	0.0	1.0
AC281	0	0	0	0.0	1.0
AC969	0	0	0	0.0	1.0
AF535	0	0	0	0.0	1.0
AA229	0	0	0	0.0	1.0
AF912	0	0	0	0.0	1.0
AE652	0	0	0	0.0	1.0
AF913	0	0	0	0.0	1.0
AF911	0	0	0	0.0	1.0
AF909	0	0	0	0.0	1.0
AF910	0	0	0	0.0	1.0
AC762	0	0	0	0.0	1.0
AH339	0	0	0	0.0	1.0
AF888	0	0	0	0.0	1.0
AF598	0	0	0	0.0	1.0
AA442	0	0	0	0.0	1.0
AC330	0	0	0	0.0	1.0
AG199	0	0	0	0.0	1.0
AG351	0	0	0	0.0	1.0
AF126	0	0	0	0.0	1.0
AG724	0	0	0	0.0	1.0
AH302	0	0	0	0.0	1.0
AH061	0	0	0	0.0	1.0
AF409	0	0	0	0.0	1.0
AF408	0	0	0	0.0	1.0
AA401	0	0	0	0.0	1.0
AD445	0	0	0	0.0	1.0
AG868	0	0	0	0.0	1.0
AB809	0	0	0	0.0	1.0
AG076	0	0	0	0.0	1.0
AH230	0	0	0	0.0	1.0
AG077	0	0	0	0.0	1.0
AH062	0	0	0	0.0	1.0
AB438	0	0	0	0.0	1.0
AH492	0	0	0	0.0	1.0
AE068	0	0	0	0.0	1.0
AG683	0	0	0	0.0	1.0
AE075	0	0	0	0.0	1.0
AC260	0	0	0	0.0	1.0
AF960	0	0	0	0.0	1.0
AH119	0	0	0	0.0	1.0
AG883	0	0	0	0.0	1.0
AG823	0	0	0	0.0	1.0
AF363	0	0	0	0.0	1.0
AC688	0	0	0	0.0	1.0
AC295	0	0	0	0.0	1.0
AF428	0	0	0	0.0	1.0
AG555	0	0	0	0.0	1.0
AB862	0	0	0	0.0	1.0
AG419	0	0	0	0.0	1.0
AG418	0	0	0	0.0	1.0
AC577	0	0	0	0.0	1.0
AD419	0	0	0	0.0	1.0
AF815	0	0	0	0.0	1.0
AF258	0	0	0	0.0	1.0
AD467	0	0	0	0.0	1.0
AD468	0	0	0	0.0	1.0
AB146	0	0	0	0.0	1.0
AF442	0	0	0	0.0	1.0
AG942	0	0	0	0.0	1.0
AB822	0	0	0	0.0	1.0
AE381	0	0	0	0.0	1.0
AG057	0	0	0	0.0	1.0
AG367	0	0	0	0.0	1.0
AE935	0	0	0	0.0	1.0
AB932	0	0	0	0.0	1.0
AB927	0	0	0	0.0	1.0
AC442	0	0	0	0.0	1.0
AB220	0	0	0	0.0	1.0
AD655	0	0	0	0.0	1.0
AD241	0	0	0	0.0	1.0
AD385	0	0	0	0.0	1.0
AG462	0	0	0	0.0	1.0
AA162	0	0	0	0.0	1.0
AA316	0	0	0	0.0	1.0
AH442	0	0	0	0.0	1.0
AD924	0	0	0	0.0	1.0
AD429	0	0	0	0.0	1.0
AG629	0	0	0	0.0	1.0
AA729	0	0	0	0.0	1.0
AG727	0	0	0	0.0	1.0
AE105	0	0	0	0.0	1.0
AA753	0	0	0	0.0	1.0
AE707	0	0	0	0.0	1.0
AE249	0	0	0	0.0	1.0
AD046	0	0	0	0.0	1.0
AG137	0	0	0	0.0	1.0
AD592	0	0	0	0.0	1.0
AD595	0	0	0	0.0	1.0
AG431	0	0	0	0.0	1.0
AB085	0	0	0	0.0	1.0
AF587	0	0	0	0.0	1.0
AG359	0	0	0	0.0	1.0
AA756	0	0	0	0.0	1.0
AG573	0	0	0	0.0	1.0
AD162	0	0	0	0.0	1.0
AD161	0	0	0	0.0	1.0
AD166	0	0	0	0.0	1.0
AD105	0	0	0	0.0	1.0
AE693	0	0	0	0.0	1.0
AE692	0	0	0	0.0	1.0
AF138	0	0	0	0.0	1.0
AG640	0	0	0	0.0	1.0
AA514	0	0	0	0.0	1.0
AA622	0	0	0	0.0	1.0
AA424	0	0	0	0.0	1.0
AC689	0	0	0	0.0	1.0
AF420	0	0	0	0.0	1.0
AE202	0	0	0	0.0	1.0
AE716	0	0	0	0.0	1.0
AC753	0	0	0	0.0	1.0
AC558	0	0	0	0.0	1.0
AC556	0	0	0	0.0	1.0
AC553	0	0	0	0.0	1.0
AC562	0	0	0	0.0	1.0
AC117	0	0	0	0.0	1.0
AA570	0	0	0	0.0	1.0
AE560	0	0	0	0.0	1.0
AD594	0	0	0	0.0	1.0
AF253	0	0	0	0.0	1.0
AE213	0	0	0	0.0	1.0
AE052	0	0	0	0.0	1.0
AE049	0	0	0	0.0	1.0
AC056	0	0	0	0.0	1.0
AF610	0	0	0	0.0	1.0
AA788	0	0	0	0.0	1.0
AD763	0	0	0	0.0	1.0
AD621	0	0	0	0.0	1.0
AA567	0	0	0	0.0	1.0
AB152	0	0	0	0.0	1.0
AH479	0	0	0	0.0	1.0
AG152	0	0	0	0.0	1.0
AF771	0	0	0	0.0	1.0
AE134	0	0	0	0.0	1.0
AH462	0	0	0	0.0	1.0
AH111	0	0	0	0.0	1.0
AH216	0	0	0	0.0	1.0
AD316	0	0	0	0.0	1.0
AB607	0	0	0	0.0	1.0
AF449	0	0	0	0.0	1.0
AA614	0	0	0	0.0	1.0
AA610	0	0	0	0.0	1.0
AF441	0	0	0	0.0	1.0
AG003	0	0	0	0.0	1.0
AC635	0	0	0	0.0	1.0
AD950	0	0	0	0.0	1.0
AD347	0	0	0	0.0	1.0
AD949	0	0	0	0.0	1.0
AH008	0	0	0	0.0	1.0
AE448	0	0	0	0.0	1.0
AD355	0	0	0	0.0	1.0
AC886	0	0	0	0.0	1.0
AA291	0	0	0	0.0	1.0
AE982	0	0	0	0.0	1.0
AG283	0	0	0	0.0	1.0
AC324	0	0	0	0.0	1.0
AB854	0	0	0	0.0	1.0
AC490	0	0	0	0.0	1.0
AD494	0	0	0	0.0	1.0
AB121	0	0	0	0.0	1.0
AH053	0	0	0	0.0	1.0
AF676	0	0	0	0.0	1.0
AC496	0	0	0	0.0	1.0
AB806	0	0	0	0.0	1.0
AC222	0	0	0	0.0	1.0
AH402	0	0	0	0.0	1.0
AD261	0	0	0	0.0	1.0
AC720	0	0	0	0.0	1.0
AD281	0	0	0	0.0	1.0
AB682	0	0	0	0.0	1.0
AB681	0	0	0	0.0	1.0
AF108	0	0	0	0.0	1.0
AD444	0	0	0	0.0	1.0
AE974	0	0	0	0.0	1.0
AA440	0	0	0	0.0	1.0
AC301	0	0	0	0.0	1.0
AE107	0	0	0	0.0	1.0
AA045	0	0	0	0.0	1.0
AC242	0	0	0	0.0	1.0
AB071	0	0	0	0.0	1.0
AB159	0	0	0	0.0	1.0
AB130	0	0	0	0.0	1.0
AB039	0	0	0	0.0	1.0
AA536	0	0	0	0.0	1.0
AA831	0	0	0	0.0	1.0
AE108	0	0	0	0.0	1.0
AA043	0	0	0	0.0	1.0
AA026	0	0	0	0.0	1.0
AD529	0	0	0	0.0	1.0
AG886	0	0	0	0.0	1.0
AH404	0	0	0	0.0	1.0
AB897	0	0	0	0.0	1.0
AF417	0	0	0	0.0	1.0
AD352	0	0	0	0.0	1.0
AC654	0	0	0	0.0	1.0
AF479	0	0	0	0.0	1.0
AE878	0	0	0	0.0	1.0
AE877	0	0	0	0.0	1.0
AD625	0	0	0	0.0	1.0
AA673	0	0	0	0.0	1.0
AD168	0	0	0	0.0	1.0
AA580	0	0	0	0.0	1.0
AB002	0	0	0	0.0	1.0
AA297	0	0	0	0.0	1.0
AG874	0	0	0	0.0	1.0
AH306	0	0	0	0.0	1.0
AF744	0	0	0	0.0	1.0
AF750	0	0	0	0.0	1.0
AD116	0	0	0	0.0	1.0
AH166	0	0	0	0.0	1.0
AF269	0	0	0	0.0	1.0
AC663	0	0	0	0.0	1.0
AF268	0	0	0	0.0	1.0
AA736	0	0	0	0.0	1.0
AE971	0	0	0	0.0	1.0
AC025	0	0	0	0.0	1.0
AA832	0	0	0	0.0	1.0
AG461	0	0	0	0.0	1.0
AB131	0	0	0	0.0	1.0
AA131	0	0	0	0.0	1.0
AB054	0	0	0	0.0	1.0
AH098	0	0	0	0.0	1.0
AG443	0	0	0	0.0	1.0
AF080	0	0	0	0.0	1.0
AG444	0	0	0	0.0	1.0
AB431	0	0	0	0.0	1.0
AA888	0	0	0	0.0	1.0
AH138	0	0	0	0.0	1.0
AG427	0	0	0	0.0	1.0
AH299	0	0	0	0.0	1.0
AG426	0	0	0	0.0	1.0
AD645	0	0	0	0.0	1.0
AD647	0	0	0	0.0	1.0
AD644	0	0	0	0.0	1.0
AA351	0	0	0	0.0	1.0
AA398	0	0	0	0.0	1.0
AG983	0	0	0	0.0	1.0
AB432	0	0	0	0.0	1.0
AE836	0	0	0	0.0	1.0
AD692	0	0	0	0.0	1.0
AE824	0	0	0	0.0	1.0
AE610	0	0	0	0.0	1.0
AD255	0	0	0	0.0	1.0
AD223	0	0	0	0.0	1.0
AC919	0	0	0	0.0	1.0
AA387	0	0	0	0.0	1.0
AA759	0	0	0	0.0	1.0
AC638	0	0	0	0.0	1.0
AE575	0	0	0	0.0	1.0
AG592	0	0	0	0.0	1.0
AB468	0	0	0	0.0	1.0
AB966	0	0	0	0.0	1.0
AB987	0	0	0	0.0	1.0
AF516	0	0	0	0.0	1.0
AE485	0	0	0	0.0	1.0
AF341	0	0	0	0.0	1.0
AG862	0	0	0	0.0	1.0
AA723	0	0	0	0.0	1.0
AA664	0	0	0	0.0	1.0
AG888	0	0	0	0.0	1.0
AG682	0	0	0	0.0	1.0
AC279	0	0	0	0.0	1.0
AB981	0	0	0	0.0	1.0
AH456	0	0	0	0.0	1.0
AH072	0	0	0	0.0	1.0
AA782	0	0	0	0.0	1.0
AB766	0	0	0	0.0	1.0
AD331	0	0	0	0.0	1.0
AB887	0	0	0	0.0	1.0
AB888	0	0	0	0.0	1.0
AB889	0	0	0	0.0	1.0
AB593	0	0	0	0.0	1.0
AC500	0	0	0	0.0	1.0
AC319	0	0	0	0.0	1.0
AF609	0	0	0	0.0	1.0
AE307	0	0	0	0.0	1.0
AE684	0	0	0	0.0	1.0
AF556	0	0	0	0.0	1.0
AE793	0	0	0	0.0	1.0
AE792	0	0	0	0.0	1.0
AF152	0	0	0	0.0	1.0
AE599	0	0	0	0.0	1.0
AE635	0	0	0	0.0	1.0
AG841	0	0	0	0.0	1.0
AH121	0	0	0	0.0	1.0
AB015	0	0	0	0.0	1.0
AB576	0	0	0	0.0	1.0
AA937	0	0	0	0.0	1.0
AC345	0	0	0	0.0	1.0
AF075	0	0	0	0.0	1.0
AH178	0	0	0	0.0	1.0
AG967	0	0	0	0.0	1.0
AG972	0	0	0	0.0	1.0
AC566	0	0	0	0.0	1.0
AC563	0	0	0	0.0	1.0
AC154	0	0	0	0.0	1.0
AG008	0	0	0	0.0	1.0
AH270	0	0	0	0.0	1.0
AD013	0	0	0	0.0	1.0
AB494	0	0	0	0.0	1.0
AA289	0	0	0	0.0	1.0
AG586	0	0	0	0.0	1.0
AD818	0	0	0	0.0	1.0
AB865	0	0	0	0.0	1.0
AD328	0	0	0	0.0	1.0
AC647	0	0	0	0.0	1.0
AH311	0	0	0	0.0	1.0
AA660	0	0	0	0.0	1.0
AD183	0	0	0	0.0	1.0
AC907	0	0	0	0.0	1.0
AF571	0	0	0	0.0	1.0
AA050	0	0	0	0.0	1.0
AD726	0	0	0	0.0	1.0
AA850	0	0	0	0.0	1.0
AD616	0	0	0	0.0	1.0
AD985	0	0	0	0.0	1.0
AF187	0	0	0	0.0	1.0
AG207	0	0	0	0.0	1.0
AD358	0	0	0	0.0	1.0
AD357	0	0	0	0.0	1.0
AB871	0	0	0	0.0	1.0
AE686	0	0	0	0.0	1.0
AH512	0	0	0	0.0	1.0
AF093	0	0	0	0.0	1.0
AF092	0	0	0	0.0	1.0
AB257	0	0	0	0.0	1.0
AA572	0	0	0	0.0	1.0
AC585	0	0	0	0.0	1.0
AC589	0	0	0	0.0	1.0
AA547	0	0	0	0.0	1.0
AH290	0	0	0	0.0	1.0
AD278	0	0	0	0.0	1.0
AE871	0	0	0	0.0	1.0
AH493	0	0	0	0.0	1.0
AB601	0	0	0	0.0	1.0
AH390	0	0	0	0.0	1.0
AE047	0	0	0	0.0	1.0
AD590	0	0	0	0.0	1.0
AA571	0	0	0	0.0	1.0
AC532	0	0	0	0.0	1.0
AG628	0	0	0	0.0	1.0
AG838	0	0	0	0.0	1.0
AF401	0	0	0	0.0	1.0
AG769	0	0	0	0.0	1.0
AH220	0	0	0	0.0	1.0
AE185	0	0	0	0.0	1.0
AA563	0	0	0	0.0	1.0
AG953	0	0	0	0.0	1.0
AA774	0	0	0	0.0	1.0
AG775	0	0	0	0.0	1.0
AH071	0	0	0	0.0	1.0
AG996	0	0	0	0.0	1.0
AF503	0	0	0	0.0	1.0
AG224	0	0	0	0.0	1.0
AG533	0	0	0	0.0	1.0
AA062	0	0	0	0.0	1.0
AD634	0	0	0	0.0	1.0
AD578	0	0	0	0.0	1.0
AC690	0	0	0	0.0	1.0
AC095	0	0	0	0.0	1.0
AC693	0	0	0	0.0	1.0
AD506	0	0	0	0.0	1.0
AE055	0	0	0	0.0	1.0
AH174	0	0	0	0.0	1.0
AC839	0	0	0	0.0	1.0
AC229	0	0	0	0.0	1.0
AD463	0	0	0	0.0	1.0
AC230	0	0	0	0.0	1.0
AG695	0	0	0	0.0	1.0
AC269	0	0	0	0.0	1.0
AH014	0	0	0	0.0	1.0
AD033	0	0	0	0.0	1.0
AC462	0	0	0	0.0	1.0
AC543	0	0	0	0.0	1.0
AC155	0	0	0	0.0	1.0
AE475	0	0	0	0.0	1.0
AD133	0	0	0	0.0	1.0
AG278	0	0	0	0.0	1.0
AG277	0	0	0	0.0	1.0
AH199	0	0	0	0.0	1.0
AF789	0	0	0	0.0	1.0
AF747	0	0	0	0.0	1.0
AG206	0	0	0	0.0	1.0
AG873	0	0	0	0.0	1.0
AE561	0	0	0	0.0	1.0
AG850	0	0	0	0.0	1.0
AH410	0	0	0	0.0	1.0
AD092	0	0	0	0.0	1.0
AA593	0	0	0	0.0	1.0
AF717	0	0	0	0.0	1.0
AF961	0	0	0	0.0	1.0
AH258	0	0	0	0.0	1.0
AC691	0	0	0	0.0	1.0
AD299	0	0	0	0.0	1.0
AC694	0	0	0	0.0	1.0
AE539	0	0	0	0.0	1.0
AD890	0	0	0	0.0	1.0
AA707	0	0	0	0.0	1.0
AD930	0	0	0	0.0	1.0
AG108	0	0	0	0.0	1.0
AD688	0	0	0	0.0	1.0
AD931	0	0	0	0.0	1.0
AF225	0	0	0	0.0	1.0
AF224	0	0	0	0.0	1.0
AD946	0	0	0	0.0	1.0
AG964	0	0	0	0.0	1.0
AB906	0	0	0	0.0	1.0
AC436	0	0	0	0.0	1.0
AH336	0	0	0	0.0	1.0
AF391	0	0	0	0.0	1.0
AE791	0	0	0	0.0	1.0
AE126	0	0	0	0.0	1.0
AC898	0	0	0	0.0	1.0
AB525	0	0	0	0.0	1.0
AH420	0	0	0	0.0	1.0
AG409	0	0	0	0.0	1.0
AB524	0	0	0	0.0	1.0
AC944	0	0	0	0.0	1.0
AB745	0	0	0	0.0	1.0
AA174	0	0	0	0.0	1.0
AA777	0	0	0	0.0	1.0
AA776	0	0	0	0.0	1.0
AF051	0	0	0	0.0	1.0
AA040	0	0	0	0.0	1.0
AD465	0	0	0	0.0	1.0
AA434	0	0	0	0.0	1.0
AA818	0	0	0	0.0	1.0
AA659	0	0	0	0.0	1.0
AH316	0	0	0	0.0	1.0
AD894	0	0	0	0.0	1.0
AB466	0	0	0	0.0	1.0
AC231	0	0	0	0.0	1.0
AG312	0	0	0	0.0	1.0
AD122	0	0	0	0.0	1.0
AB820	0	0	0	0.0	1.0
AA093	0	0	0	0.0	1.0
AB817	0	0	0	0.0	1.0
AG254	0	0	0	0.0	1.0
AE109	0	0	0	0.0	1.0
AA828	0	0	0	0.0	1.0
AD907	0	0	0	0.0	1.0
AF908	0	0	0	0.0	1.0
AF809	0	0	0	0.0	1.0
AD970	0	0	0	0.0	1.0
AH458	0	0	0	0.0	1.0
AD889	0	0	0	0.0	1.0
AH397	0	0	0	0.0	1.0
AC980	0	0	0	0.0	1.0
AG626	0	0	0	0.0	1.0
AF085	0	0	0	0.0	1.0
AG773	0	0	0	0.0	1.0
AF672	0	0	0	0.0	1.0
AE687	0	0	0	0.0	1.0
AG390	0	0	0	0.0	1.0
AG389	0	0	0	0.0	1.0
AG392	0	0	0	0.0	1.0
AB735	0	0	0	0.0	1.0
AF353	0	0	0	0.0	1.0
AF352	0	0	0	0.0	1.0
AB338	0	0	0	0.0	1.0
AE538	0	0	0	0.0	1.0
AB583	0	0	0	0.0	1.0
AA940	0	0	0	0.0	1.0
AD453	0	0	0	0.0	1.0
AH428	0	0	0	0.0	1.0
AC890	0	0	0	0.0	1.0
AA830	0	0	0	0.0	1.0
AA885	0	0	0	0.0	1.0
AD646	0	0	0	0.0	1.0
AE773	0	0	0	0.0	1.0
AC272	0	0	0	0.0	1.0
AF876	0	0	0	0.0	1.0
AD759	0	0	0	0.0	1.0
AG810	0	0	0	0.0	1.0
AG770	0	0	0	0.0	1.0
AH195	0	0	0	0.0	1.0
AC846	0	0	0	0.0	1.0
AC845	0	0	0	0.0	1.0
AC173	0	0	0	0.0	1.0
AB883	0	0	0	0.0	1.0
AC058	0	0	0	0.0	1.0
AB155	0	0	0	0.0	1.0
AG016	0	0	0	0.0	1.0
AF680	0	0	0	0.0	1.0
AE488	0	0	0	0.0	1.0
AC861	0	0	0	0.0	1.0
AH145	0	0	0	0.0	1.0
AG048	0	0	0	0.0	1.0
AG520	0	0	0	0.0	1.0
AB350	0	0	0	0.0	1.0
AB012	0	0	0	0.0	1.0
AB011	0	0	0	0.0	1.0
AD029	0	0	0	0.0	1.0
AC305	0	0	0	0.0	1.0
AC509	0	0	0	0.0	1.0
AA436	0	0	0	0.0	1.0
AA323	0	0	0	0.0	1.0
AC744	0	0	0	0.0	1.0
AG678	0	0	0	0.0	1.0
AH238	0	0	0	0.0	1.0
AE487	0	0	0	0.0	1.0
AG159	0	0	0	0.0	1.0
AC607	0	0	0	0.0	1.0
AG690	0	0	0	0.0	1.0
AE947	0	0	0	0.0	1.0
AA089	0	0	0	0.0	1.0
AA513	0	0	0	0.0	1.0
AF098	0	0	0	0.0	1.0
AC594	0	0	0	0.0	1.0
AG934	0	0	0	0.0	1.0
AG464	0	0	0	0.0	1.0
AB992	0	0	0	0.0	1.0
AH131	0	0	0	0.0	1.0
AH347	0	0	0	0.0	1.0
AD640	0	0	0	0.0	1.0
AF437	0	0	0	0.0	1.0
AH118	0	0	0	0.0	1.0
AF157	0	0	0	0.0	1.0
AG471	0	0	0	0.0	1.0
AA296	0	0	0	0.0	1.0
AB951	0	0	0	0.0	1.0
AB565	0	0	0	0.0	1.0
AA568	0	0	0	0.0	1.0
AB443	0	0	0	0.0	1.0
AC409	0	0	0	0.0	1.0
AE604	0	0	0	0.0	1.0
AC411	0	0	0	0.0	1.0
AD710	0	0	0	0.0	1.0
AH395	0	0	0	0.0	1.0
AH363	0	0	0	0.0	1.0
AE852	0	0	0	0.0	1.0
AE854	0	0	0	0.0	1.0
AE853	0	0	0	0.0	1.0
AE851	0	0	0	0.0	1.0
AA827	0	0	0	0.0	1.0
AE548	0	0	0	0.0	1.0
AG800	0	0	0	0.0	1.0
AC978	0	0	0	0.0	1.0
AC212	0	0	0	0.0	1.0
AA011	0	0	0	0.0	1.0
AG578	0	0	0	0.0	1.0
AD839	0	0	0	0.0	1.0
AF349	0	0	0	0.0	1.0
AG192	0	0	0	0.0	1.0
AF940	0	0	0	0.0	1.0
AG851	0	0	0	0.0	1.0
AF941	0	0	0	0.0	1.0
AB737	0	0	0	0.0	1.0
AF347	0	0	0	0.0	1.0
AG031	0	0	0	0.0	1.0
AC519	0	0	0	0.0	1.0
AC872	0	0	0	0.0	1.0
AA703	0	0	0	0.0	1.0
AH041	0	0	0	0.0	1.0
AB018	0	0	0	0.0	1.0
AB192	0	0	0	0.0	1.0
AD309	0	0	0	0.0	1.0
AC996	0	0	0	0.0	1.0
AF760	0	0	0	0.0	1.0
AD809	0	0	0	0.0	1.0
AE341	0	0	0	0.0	1.0
AE129	0	0	0	0.0	1.0
AF802	0	0	0	0.0	1.0
AE742	0	0	0	0.0	1.0
AC671	0	0	0	0.0	1.0
AB630	0	0	0	0.0	1.0
AC948	0	0	0	0.0	1.0
AC503	0	0	0	0.0	1.0
AD585	0	0	0	0.0	1.0
AF935	0	0	0	0.0	1.0
AC947	0	0	0	0.0	1.0
AE192	0	0	0	0.0	1.0
AC167	0	0	0	0.0	1.0
AB849	0	0	0	0.0	1.0
AC666	0	0	0	0.0	1.0
AG546	0	0	0	0.0	1.0
AG331	0	0	0	0.0	1.0
AA413	0	0	0	0.0	1.0
AG580	0	0	0	0.0	1.0
AA014	0	0	0	0.0	1.0
AF456	0	0	0	0.0	1.0
AD637	0	0	0	0.0	1.0
AD730	0	0	0	0.0	1.0
AG463	0	0	0	0.0	1.0
AE880	0	0	0	0.0	1.0
AA967	0	0	0	0.0	1.0
AE004	0	0	0	0.0	1.0
AB637	0	0	0	0.0	1.0
AG408	0	0	0	0.0	1.0
AC440	0	0	0	0.0	1.0
AB111	0	0	0	0.0	1.0
AA652	0	0	0	0.0	1.0
AG019	0	0	0	0.0	1.0
AF621	0	0	0	0.0	1.0
AC949	0	0	0	0.0	1.0
AF857	0	0	0	0.0	1.0
AG997	0	0	0	0.0	1.0
AE945	0	0	0	0.0	1.0
AD581	0	0	0	0.0	1.0
AA314	0	0	0	0.0	1.0
AG007	0	0	0	0.0	1.0
AD842	0	0	0	0.0	1.0
AH122	0	0	0	0.0	1.0
AH019	0	0	0	0.0	1.0
AB972	0	0	0	0.0	1.0
AF147	0	0	0	0.0	1.0
AB879	0	0	0	0.0	1.0
AB538	0	0	0	0.0	1.0
AG432	0	0	0	0.0	1.0
AD798	0	0	0	0.0	1.0
AD799	0	0	0	0.0	1.0
AF366	0	0	0	0.0	1.0
AG507	0	0	0	0.0	1.0
AF170	0	0	0	0.0	1.0
AE231	0	0	0	0.0	1.0
AF430	0	0	0	0.0	1.0
AA463	0	0	0	0.0	1.0
AG027	0	0	0	0.0	1.0
AD535	0	0	0	0.0	1.0
AF994	0	0	0	0.0	1.0
AG361	0	0	0	0.0	1.0
AD163	0	0	0	0.0	1.0
AD615	0	0	0	0.0	1.0
AG700	0	0	0	0.0	1.0
AG215	0	0	0	0.0	1.0
AG748	0	0	0	0.0	1.0
AE623	0	0	0	0.0	1.0
AC515	0	0	0	0.0	1.0
AD153	0	0	0	0.0	1.0
AD904	0	0	0	0.0	1.0
AC397	0	0	0	0.0	1.0
AE675	0	0	0	0.0	1.0
AC396	0	0	0	0.0	1.0
AE657	0	0	0	0.0	1.0
AF985	0	0	0	0.0	1.0
AD600	0	0	0	0.0	1.0
AD407	0	0	0	0.0	1.0
AD541	0	0	0	0.0	1.0
AC909	0	0	0	0.0	1.0
AA767	0	0	0	0.0	1.0
AG300	0	0	0	0.0	1.0
AA021	0	0	0	0.0	1.0
AG633	0	0	0	0.0	1.0
AG634	0	0	0	0.0	1.0
AA461	0	0	0	0.0	1.0
AA462	0	0	0	0.0	1.0
AD271	0	0	0	0.0	1.0
AG632	0	0	0	0.0	1.0
AA855	0	0	0	0.0	1.0
AD501	0	0	0	0.0	1.0
AD685	0	0	0	0.0	1.0
AC344	0	0	0	0.0	1.0
AG242	0	0	0	0.0	1.0
AB422	0	0	0	0.0	1.0
AH412	0	0	0	0.0	1.0
AD893	0	0	0	0.0	1.0
AB277	0	0	0	0.0	1.0
AA359	0	0	0	0.0	1.0
AC297	0	0	0	0.0	1.0
AB680	0	0	0	0.0	1.0
AB067	0	0	0	0.0	1.0
AG513	0	0	0	0.0	1.0
AC567	0	0	0	0.0	1.0
AC182	0	0	0	0.0	1.0
AB676	0	0	0	0.0	1.0
AE133	0	0	0	0.0	1.0
AF106	0	0	0	0.0	1.0
AF103	0	0	0	0.0	1.0
AA942	0	0	0	0.0	1.0
AF272	0	0	0	0.0	1.0
AB594	0	0	0	0.0	1.0
AF521	0	0	0	0.0	1.0
AC513	0	0	0	0.0	1.0
AF273	0	0	0	0.0	1.0
AC310	0	0	0	0.0	1.0
AG186	0	0	0	0.0	1.0
AE630	0	0	0	0.0	1.0
AC877	0	0	0	0.0	1.0
AF296	0	0	0	0.0	1.0
AF109	0	0	0	0.0	1.0
AE268	0	0	0	0.0	1.0
AE392	0	0	0	0.0	1.0
AE672	0	0	0	0.0	1.0
AC534	0	0	0	0.0	1.0
AA894	0	0	0	0.0	1.0
AB918	0	0	0	0.0	1.0
AD910	0	0	0	0.0	1.0
AC731	0	0	0	0.0	1.0
AE183	0	0	0	0.0	1.0
AF454	0	0	0	0.0	1.0
AC836	0	0	0	0.0	1.0
AD575	0	0	0	0.0	1.0
AB385	0	0	0	0.0	1.0
AB122	0	0	0	0.0	1.0
AB364	0	0	0	0.0	1.0
AC609	0	0	0	0.0	1.0
AC204	0	0	0	0.0	1.0
AG609	0	0	0	0.0	1.0
AF578	0	0	0	0.0	1.0
AA859	0	0	0	0.0	1.0
AF885	0	0	0	0.0	1.0
AC940	0	0	0	0.0	1.0
AD198	0	0	0	0.0	1.0
AC571	0	0	0	0.0	1.0
AC377	0	0	0	0.0	1.0
AF003	0	0	0	0.0	1.0
AF005	0	0	0	0.0	1.0
AA019	0	0	0	0.0	1.0
AG341	0	0	0	0.0	1.0
AF828	0	0	0	0.0	1.0
AD836	0	0	0	0.0	1.0
AA451	0	0	0	0.0	1.0
AF787	0	0	0	0.0	1.0
AD476	0	0	0	0.0	1.0
AD787	0	0	0	0.0	1.0
AB795	0	0	0	0.0	1.0
AA483	0	0	0	0.0	1.0
AE889	0	0	0	0.0	1.0
AB793	0	0	0	0.0	1.0
AB373	0	0	0	0.0	1.0
AA905	0	0	0	0.0	1.0
AB481	0	0	0	0.0	1.0
AG091	0	0	0	0.0	1.0
AC484	0	0	0	0.0	1.0
AD171	0	0	0	0.0	1.0
AB753	0	0	0	0.0	1.0
AA997	0	0	0	0.0	1.0
AC482	0	0	0	0.0	1.0
AC232	0	0	0	0.0	1.0
AB007	0	0	0	0.0	1.0
AB423	0	0	0	0.0	1.0
AD687	0	0	0	0.0	1.0
AF537	0	0	0	0.0	1.0
AB641	0	0	0	0.0	1.0
AF090	0	0	0	0.0	1.0
AE023	0	0	0	0.0	1.0
AE039	0	0	0	0.0	1.0
AD989	0	0	0	0.0	1.0
AA358	0	0	0	0.0	1.0
AA562	0	0	0	0.0	1.0
AG491	0	0	0	0.0	1.0
AF767	0	0	0	0.0	1.0
AB910	0	0	0	0.0	1.0
AE643	0	0	0	0.0	1.0
AD545	0	0	0	0.0	1.0
AB008	0	0	0	0.0	1.0
AA586	0	0	0	0.0	1.0
AC930	0	0	0	0.0	1.0
AA074	0	0	0	0.0	1.0
AF990	0	0	0	0.0	1.0
AB886	0	0	0	0.0	1.0
AE330	0	0	0	0.0	1.0
AC636	0	0	0	0.0	1.0
AE364	0	0	0	0.0	1.0
AE363	0	0	0	0.0	1.0
AE362	0	0	0	0.0	1.0
AD666	0	0	0	0.0	1.0
AB885	0	0	0	0.0	1.0
AC637	0	0	0	0.0	1.0
AD349	0	0	0	0.0	1.0
AA701	0	0	0	0.0	1.0
AF864	0	0	0	0.0	1.0
AF019	0	0	0	0.0	1.0
AD318	0	0	0	0.0	1.0
AC486	0	0	0	0.0	1.0
AC493	0	0	0	0.0	1.0
AC457	0	0	0	0.0	1.0
AD945	0	0	0	0.0	1.0
AD461	0	0	0	0.0	1.0
AA613	0	0	0	0.0	1.0
AD614	0	0	0	0.0	1.0
AE920	0	0	0	0.0	1.0
AD569	0	0	0	0.0	1.0
AB502	0	0	0	0.0	1.0
AC742	0	0	0	0.0	1.0
AC542	0	0	0	0.0	1.0
AE772	0	0	0	0.0	1.0
AD359	0	0	0	0.0	1.0
AC053	0	0	0	0.0	1.0
AF279	0	0	0	0.0	1.0
AF282	0	0	0	0.0	1.0
AA195	0	0	0	0.0	1.0
AF326	0	0	0	0.0	1.0
AE579	0	0	0	0.0	1.0
AC209	0	0	0	0.0	1.0
AF884	0	0	0	0.0	1.0
AF184	0	0	0	0.0	1.0
AD068	0	0	0	0.0	1.0
AF708	0	0	0	0.0	1.0
AF976	0	0	0	0.0	1.0
AA950	0	0	0	0.0	1.0
AB127	0	0	0	0.0	1.0
AC546	0	0	0	0.0	1.0
AD908	0	0	0	0.0	1.0
AD684	0	0	0	0.0	1.0
AB592	0	0	0	0.0	1.0
AA007	0	0	0	0.0	1.0
AE441	0	0	0	0.0	1.0
AA240	0	0	0	0.0	1.0
AG317	0	0	0	0.0	1.0
AB133	0	0	0	0.0	1.0
AF066	0	0	0	0.0	1.0
AB890	0	0	0	0.0	1.0
AE681	0	0	0	0.0	1.0
AF519	0	0	0	0.0	1.0
AC911	0	0	0	0.0	1.0
AF520	0	0	0	0.0	1.0
AD891	0	0	0	0.0	1.0
AE644	0	0	0	0.0	1.0
AB623	0	0	0	0.0	1.0
AF271	0	0	0	0.0	1.0
AG627	0	0	0	0.0	1.0
AE730	0	0	0	0.0	1.0
AB624	0	0	0	0.0	1.0
AD256	0	0	0	0.0	1.0
AE834	0	0	0	0.0	1.0
AD139	0	0	0	0.0	1.0
AG256	0	0	0	0.0	1.0
AG394	0	0	0	0.0	1.0
AF220	0	0	0	0.0	1.0
AG645	0	0	0	0.0	1.0
AG382	0	0	0	0.0	1.0
AG607	0	0	0	0.0	1.0
AA004	0	0	0	0.0	1.0
AD516	0	0	0	0.0	1.0
AG518	0	0	0	0.0	1.0
AE365	0	0	0	0.0	1.0
AF049	0	0	0	0.0	1.0
AF702	0	0	0	0.0	1.0
AD829	0	0	0	0.0	1.0
AG177	0	0	0	0.0	1.0
AF087	0	0	0	0.0	1.0
AE627	0	0	0	0.0	1.0
AE492	0	0	0	0.0	1.0
AG680	0	0	0	0.0	1.0
AB884	0	0	0	0.0	1.0
AE614	0	0	0	0.0	1.0
AC997	0	0	0	0.0	1.0
AA605	0	0	0	0.0	1.0
AG066	0	0	0	0.0	1.0
AG065	0	0	0	0.0	1.0
AA606	0	0	0	0.0	1.0
AG067	0	0	0	0.0	1.0
AA607	0	0	0	0.0	1.0
AA604	0	0	0	0.0	1.0
AF552	0	0	0	0.0	1.0
AF617	0	0	0	0.0	1.0
AG357	0	0	0	0.0	1.0
AF749	0	0	0	0.0	1.0
AG188	0	0	0	0.0	1.0
AG190	0	0	0	0.0	1.0
AF248	0	0	0	0.0	1.0
AC660	0	0	0	0.0	1.0
AG623	0	0	0	0.0	1.0
AF694	0	0	0	0.0	1.0
AG252	0	0	0	0.0	1.0
AG470	0	0	0	0.0	1.0
AF247	0	0	0	0.0	1.0
AC661	0	0	0	0.0	1.0
AD926	0	0	0	0.0	1.0
AD927	0	0	0	0.0	1.0
AF023	0	0	0	0.0	1.0
AC921	0	0	0	0.0	1.0
AE827	0	0	0	0.0	1.0
AD929	0	0	0	0.0	1.0
AD925	0	0	0	0.0	1.0
AD928	0	0	0	0.0	1.0
AC176	0	0	0	0.0	1.0
AE832	0	0	0	0.0	1.0
AC177	0	0	0	0.0	1.0
AF297	0	0	0	0.0	1.0
AD833	0	0	0	0.0	1.0
AD607	0	0	0	0.0	1.0
AB612	0	0	0	0.0	1.0
AB611	0	0	0	0.0	1.0
AG279	0	0	0	0.0	1.0
AE729	0	0	0	0.0	1.0
AB741	0	0	0	0.0	1.0
AB740	0	0	0	0.0	1.0
AE433	0	0	0	0.0	1.0
AF779	0	0	0	0.0	1.0
AE404	0	0	0	0.0	1.0
AB877	0	0	0	0.0	1.0
AC082	0	0	0	0.0	1.0
AC540	0	0	0	0.0	1.0
AG532	0	0	0	0.0	1.0
AB769	0	0	0	0.0	1.0
AG531	0	0	0	0.0	1.0
AB768	0	0	0	0.0	1.0
AB663	0	0	0	0.0	1.0
AB662	0	0	0	0.0	1.0
AE191	0	0	0	0.0	1.0
AF644	0	0	0	0.0	1.0
AC760	0	0	0	0.0	1.0
AC759	0	0	0	0.0	1.0
AD391	0	0	0	0.0	1.0
AG571	0	0	0	0.0	1.0
AG572	0	0	0	0.0	1.0
AB480	0	0	0	0.0	1.0
AD296	0	0	0	0.0	1.0
AD294	0	0	0	0.0	1.0
AC007	0	0	0	0.0	1.0
AF854	0	0	0	0.0	1.0
AD514	0	0	0	0.0	1.0
AF853	0	0	0	0.0	1.0
AH362	0	0	0	0.0	1.0
AF197	0	0	0	0.0	1.0
AF628	0	0	0	0.0	1.0
AE885	0	0	0	0.0	1.0
AB433	0	0	0	0.0	1.0
AE603	0	0	0	0.0	1.0
AG011	0	0	0	0.0	1.0
AF980	0	0	0	0.0	1.0
AC834	0	0	0	0.0	1.0
AD712	0	0	0	0.0	1.0
AE038	0	0	0	0.0	1.0
AG492	0	0	0	0.0	1.0
AC407	0	0	0	0.0	1.0
AE808	0	0	0	0.0	1.0
AD301	0	0	0	0.0	1.0
AE893	0	0	0	0.0	1.0
AB896	0	0	0	0.0	1.0
AB568	0	0	0	0.0	1.0
AF078	0	0	0	0.0	1.0
AD118	0	0	0	0.0	1.0
AE275	0	0	0	0.0	1.0
AB567	0	0	0	0.0	1.0
AF319	0	0	0	0.0	1.0
AE556	0	0	0	0.0	1.0
AA926	0	0	0	0.0	1.0
AF156	0	0	0	0.0	1.0
AF315	0	0	0	0.0	1.0
AE509	0	0	0	0.0	1.0
AG055	0	0	0	0.0	1.0
AD524	0	0	0	0.0	1.0
AD525	0	0	0	0.0	1.0
AG530	0	0	0	0.0	1.0
AE508	0	0	0	0.0	1.0
AB667	0	0	0	0.0	1.0
AF320	0	0	0	0.0	1.0
AC293	0	0	0	0.0	1.0
AA921	0	0	0	0.0	1.0
AF399	0	0	0	0.0	1.0
AD835	0	0	0	0.0	1.0
AG130	0	0	0	0.0	1.0
AE980	0	0	0	0.0	1.0
AE896	0	0	0	0.0	1.0
AD449	0	0	0	0.0	1.0
AB945	0	0	0	0.0	1.0
AB808	0	0	0	0.0	1.0
AC438	0	0	0	0.0	1.0
AB658	0	0	0	0.0	1.0
AA895	0	0	0	0.0	1.0
AA968	0	0	0	0.0	1.0
AB649	0	0	0	0.0	1.0
AE817	0	0	0	0.0	1.0
AD335	0	0	0	0.0	1.0
AD520	0	0	0	0.0	1.0
AD521	0	0	0	0.0	1.0
AF246	0	0	0	0.0	1.0
AD523	0	0	0	0.0	1.0
AB057	0	0	0	0.0	1.0
AB654	0	0	0	0.0	1.0
AC017	0	0	0	0.0	1.0
AF044	0	0	0	0.0	1.0
AB600	0	0	0	0.0	1.0
AD297	0	0	0	0.0	1.0
AA923	0	0	0	0.0	1.0
AF386	0	0	0	0.0	1.0
AF263	0	0	0	0.0	1.0
AE754	0	0	0	0.0	1.0
AC504	0	0	0	0.0	1.0
AA212	0	0	0	0.0	1.0
AD757	0	0	0	0.0	1.0
AD042	0	0	0	0.0	1.0
AC021	0	0	0	0.0	1.0
AB985	0	0	0	0.0	1.0
AE250	0	0	0	0.0	1.0
AE831	0	0	0	0.0	1.0
AD111	0	0	0	0.0	1.0
AC624	0	0	0	0.0	1.0
AB715	0	0	0	0.0	1.0
AG097	0	0	0	0.0	1.0
AA871	0	0	0	0.0	1.0
AF995	0	0	0	0.0	1.0
AD102	0	0	0	0.0	1.0
AB559	0	0	0	0.0	1.0
AF043	0	0	0	0.0	1.0
AG298	0	0	0	0.0	1.0
AA003	0	0	0	0.0	1.0
AB541	0	0	0	0.0	1.0
AC208	0	0	0	0.0	1.0
AC201	0	0	0	0.0	1.0
AA151	0	0	0	0.0	1.0
AB944	0	0	0	0.0	1.0
AA308	0	0	0	0.0	1.0
AE862	0	0	0	0.0	1.0
AD484	0	0	0	0.0	1.0
AA155	0	0	0	0.0	1.0
AB684	0	0	0	0.0	1.0
AB957	0	0	0	0.0	1.0
AC302	0	0	0	0.0	1.0
AG271	0	0	0	0.0	1.0
AB230	0	0	0	0.0	1.0
AA036	0	0	0	0.0	1.0
AA530	0	0	0	0.0	1.0
AA973	0	0	0	0.0	1.0
AC799	0	0	0	0.0	1.0
AB807	0	0	0	0.0	1.0
AD612	0	0	0	0.0	1.0
AA142	0	0	0	0.0	1.0
AA522	0	0	0	0.0	1.0
AE334	0	0	0	0.0	1.0
AA367	0	0	0	0.0	1.0
AG910	0	0	0	0.0	1.0
AB248	0	0	0	0.0	1.0
AH209	0	0	0	0.0	1.0
AD849	0	0	0	0.0	1.0
AH024	0	0	0	0.0	1.0
AG686	0	0	0	0.0	1.0
AD850	0	0	0	0.0	1.0
AG035	0	0	0	0.0	1.0
AC678	0	0	0	0.0	1.0
AB143	0	0	0	0.0	1.0
AG722	0	0	0	0.0	1.0
AD027	0	0	0	0.0	1.0
AG203	0	0	0	0.0	1.0
AB671	0	0	0	0.0	1.0
AE048	0	0	0	0.0	1.0
AE212	0	0	0	0.0	1.0
AA953	0	0	0	0.0	1.0
AD401	0	0	0	0.0	1.0
AF330	0	0	0	0.0	1.0
AD619	0	0	0	0.0	1.0
AC187	0	0	0	0.0	1.0
AB894	0	0	0	0.0	1.0
AG146	0	0	0	0.0	1.0
AE872	0	0	0	0.0	1.0
AG737	0	0	0	0.0	1.0
AA166	0	0	0	0.0	1.0
AC245	0	0	0	0.0	1.0
AB998	0	0	0	0.0	1.0
AA793	0	0	0	0.0	1.0
AD534	0	0	0	0.0	1.0
AA799	0	0	0	0.0	1.0
AD071	0	0	0	0.0	1.0
AD633	0	0	0	0.0	1.0
AF301	0	0	0	0.0	1.0
AA791	0	0	0	0.0	1.0
AC364	0	0	0	0.0	1.0
AF568	0	0	0	0.0	1.0
AD058	0	0	0	0.0	1.0
AB585	0	0	0	0.0	1.0
AB791	0	0	0	0.0	1.0
AB584	0	0	0	0.0	1.0
AF379	0	0	0	0.0	1.0
AH384	0	0	0	0.0	1.0
AG670	0	0	0	0.0	1.0
AE356	0	0	0	0.0	1.0
AF088	0	0	0	0.0	1.0
AF396	0	0	0	0.0	1.0
AE443	0	0	0	0.0	1.0
AF292	0	0	0	0.0	1.0
AG107	0	0	0	0.0	1.0
AD277	0	0	0	0.0	1.0
AD100	0	0	0	0.0	1.0
AC733	0	0	0	0.0	1.0
AH214	0	0	0	0.0	1.0
AD683	0	0	0	0.0	1.0
AE491	0	0	0	0.0	1.0
AA245	0	0	0	0.0	1.0
AA257	0	0	0	0.0	1.0
AC800	0	0	0	0.0	1.0
AD338	0	0	0	0.0	1.0
AB282	0	0	0	0.0	1.0
AA330	0	0	0	0.0	1.0
AB727	0	0	0	0.0	1.0
AG450	0	0	0	0.0	1.0
AA143	0	0	0	0.0	1.0
AF453	0	0	0	0.0	1.0
AG050	0	0	0	0.0	1.0
AG268	0	0	0	0.0	1.0
AG398	0	0	0	0.0	1.0
AG397	0	0	0	0.0	1.0
AG399	0	0	0	0.0	1.0
AB575	0	0	0	0.0	1.0
AG717	0	0	0	0.0	1.0
AD142	0	0	0	0.0	1.0
AD143	0	0	0	0.0	1.0
AB506	0	0	0	0.0	1.0
AF562	0	0	0	0.0	1.0
AA352	0	0	0	0.0	1.0
AB267	0	0	0	0.0	1.0
AA349	0	0	0	0.0	1.0
AG122	0	0	0	0.0	1.0
AD843	0	0	0	0.0	1.0
AD880	0	0	0	0.0	1.0
AD878	0	0	0	0.0	1.0
AD879	0	0	0	0.0	1.0
AC915	0	0	0	0.0	1.0
AC913	0	0	0	0.0	1.0
AD460	0	0	0	0.0	1.0
AE102	0	0	0	0.0	1.0
AH440	0	0	0	0.0	1.0
AB804	0	0	0	0.0	1.0
AE956	0	0	0	0.0	1.0
AC656	0	0	0	0.0	1.0
AB322	0	0	0	0.0	1.0
AC022	0	0	0	0.0	1.0
AG379	0	0	0	0.0	1.0
AG378	0	0	0	0.0	1.0
AB312	0	0	0	0.0	1.0
AE744	0	0	0	0.0	1.0
AB904	0	0	0	0.0	1.0
AE866	0	0	0	0.0	1.0
AE865	0	0	0	0.0	1.0
AD242	0	0	0	0.0	1.0
AB520	0	0	0	0.0	1.0
AB500	0	0	0	0.0	1.0
AB513	0	0	0	0.0	1.0
AB510	0	0	0	0.0	1.0
AB774	0	0	0	0.0	1.0
AB516	0	0	0	0.0	1.0
AE952	0	0	0	0.0	1.0
AB771	0	0	0	0.0	1.0
AA615	0	0	0	0.0	1.0
AE312	0	0	0	0.0	1.0
AF669	0	0	0	0.0	1.0
AG587	0	0	0	0.0	1.0
AF553	0	0	0	0.0	1.0
AB784	0	0	0	0.0	1.0
AB787	0	0	0	0.0	1.0
AG584	0	0	0	0.0	1.0
AB780	0	0	0	0.0	1.0
AD422	0	0	0	0.0	1.0
AA879	0	0	0	0.0	1.0
AD425	0	0	0	0.0	1.0
AE912	0	0	0	0.0	1.0
AC325	0	0	0	0.0	1.0
AC096	0	0	0	0.0	1.0
AB260	0	0	0	0.0	1.0
AC874	0	0	0	0.0	1.0
AC524	0	0	0	0.0	1.0
AC525	0	0	0	0.0	1.0
AD209	0	0	0	0.0	1.0
AE806	0	0	0	0.0	1.0
AF036	0	0	0	0.0	1.0
AC508	0	0	0	0.0	1.0
AC151	0	0	0	0.0	1.0
AB912	0	0	0	0.0	1.0
AF226	0	0	0	0.0	1.0
AG605	0	0	0	0.0	1.0
AF227	0	0	0	0.0	1.0
AH125	0	0	0	0.0	1.0
AH511	0	0	0	0.0	1.0
AB507	0	0	0	0.0	1.0
AG892	0	0	0	0.0	1.0
AB647	0	0	0	0.0	1.0
AH032	0	0	0	0.0	1.0
AG772	0	0	0	0.0	1.0
AE221	0	0	0	0.0	1.0
AH352	0	0	0	0.0	1.0
AG606	0	0	0	0.0	1.0
AB470	0	0	0	0.0	1.0
AC814	0	0	0	0.0	1.0
AC195	0	0	0	0.0	1.0
AC185	0	0	0	0.0	1.0
AD958	0	0	0	0.0	1.0
AD150	0	0	0	0.0	1.0
AD869	0	0	0	0.0	1.0
AG744	0	0	0	0.0	1.0
AA215	0	0	0	0.0	1.0
AD285	0	0	0	0.0	1.0
AD040	0	0	0	0.0	1.0
AA520	0	0	0	0.0	1.0
AB976	0	0	0	0.0	1.0
AE000	0	0	0	0.0	1.0
AC536	0	0	0	0.0	1.0
AE592	0	0	0	0.0	1.0
AC914	0	0	0	0.0	1.0
AC174	0	0	0	0.0	1.0
AG309	0	0	0	0.0	1.0
AC217	0	0	0	0.0	1.0
AC216	0	0	0	0.0	1.0
AG339	0	0	0	0.0	1.0
AC452	0	0	0	0.0	1.0
AA702	0	0	0	0.0	1.0
AB563	0	0	0	0.0	1.0
AD597	0	0	0	0.0	1.0
AG599	0	0	0	0.0	1.0
AG728	0	0	0	0.0	1.0
AB810	0	0	0	0.0	1.0
AB655	0	0	0	0.0	1.0
AD206	0	0	0	0.0	1.0
AE765	0	0	0	0.0	1.0
AG197	0	0	0	0.0	1.0
AG673	0	0	0	0.0	1.0
AD768	0	0	0	0.0	1.0
AG001	0	0	0	0.0	1.0
AA422	0	0	0	0.0	1.0
AB805	0	0	0	0.0	1.0
AB566	0	0	0	0.0	1.0
AD537	0	0	0	0.0	1.0
AG315	0	0	0	0.0	1.0
AD186	0	0	0	0.0	1.0
AC774	0	0	0	0.0	1.0
AD682	0	0	0	0.0	1.0
AG978	0	0	0	0.0	1.0
AG636	0	0	0	0.0	1.0
AG106	0	0	0	0.0	1.0
AH261	0	0	0	0.0	1.0
AB564	0	0	0	0.0	1.0
AA217	0	0	0	0.0	1.0
AE601	0	0	0	0.0	1.0
AE602	0	0	0	0.0	1.0
AC518	0	0	0	0.0	1.0
AC873	0	0	0	0.0	1.0
AE391	0	0	0	0.0	1.0
AG452	0	0	0	0.0	1.0
AB905	0	0	0	0.0	1.0
AC014	0	0	0	0.0	1.0
AE516	0	0	0	0.0	1.0
AB931	0	0	0	0.0	1.0
AD350	0	0	0	0.0	1.0
AA202	0	0	0	0.0	1.0
AG059	0	0	0	0.0	1.0
AC824	0	0	0	0.0	1.0
AF808	0	0	0	0.0	1.0
AG272	0	0	0	0.0	1.0
AF472	0	0	0	0.0	1.0
AF473	0	0	0	0.0	1.0
AC792	0	0	0	0.0	1.0
AG233	0	0	0	0.0	1.0
AF545	0	0	0	0.0	1.0
AC835	0	0	0	0.0	1.0
AD207	0	0	0	0.0	1.0
AC801	0	0	0	0.0	1.0
AA390	0	0	0	0.0	1.0
AB580	0	0	0	0.0	1.0
AD253	0	0	0	0.0	1.0
AC429	0	0	0	0.0	1.0
AC641	0	0	0	0.0	1.0
AC366	0	0	0	0.0	1.0
AA251	0	0	0	0.0	1.0
AA934	0	0	0	0.0	1.0
AA250	0	0	0	0.0	1.0
AC046	0	0	0	0.0	1.0
AA780	0	0	0	0.0	1.0
AD708	0	0	0	0.0	1.0
AD678	0	0	0	0.0	1.0
AD295	0	0	0	0.0	1.0
AB323	0	0	0	0.0	1.0
AF389	0	0	0	0.0	1.0
AF390	0	0	0	0.0	1.0
AD701	0	0	0	0.0	1.0
AE790	0	0	0	0.0	1.0
AD152	0	0	0	0.0	1.0
AE222	0	0	0	0.0	1.0
AB209	0	0	0	0.0	1.0
AG262	0	0	0	0.0	1.0
AD652	0	0	0	0.0	1.0
AD154	0	0	0	0.0	1.0
AA626	0	0	0	0.0	1.0
AB286	0	0	0	0.0	1.0
AC072	0	0	0	0.0	1.0
AE717	0	0	0	0.0	1.0
AG966	0	0	0	0.0	1.0
AB786	0	0	0	0.0	1.0
AB790	0	0	0	0.0	1.0
AC171	0	0	0	0.0	1.0
AG458	0	0	0	0.0	1.0
AE147	0	0	0	0.0	1.0
AG196	0	0	0	0.0	1.0
AE709	0	0	0	0.0	1.0
AC483	0	0	0	0.0	1.0
AD172	0	0	0	0.0	1.0
AG440	0	0	0	0.0	1.0
AD686	0	0	0	0.0	1.0
AG151	0	0	0	0.0	1.0
AG005	0	0	0	0.0	1.0
AC710	0	0	0	0.0	1.0
AD066	0	0	0	0.0	1.0
AA017	0	0	0	0.0	1.0
AH080	0	0	0	0.0	1.0
AF256	0	0	0	0.0	1.0
AD881	0	0	0	0.0	1.0
AB357	0	0	0	0.0	1.0
AB803	0	0	0	0.0	1.0
AB802	0	0	0	0.0	1.0
AE731	0	0	0	0.0	1.0
AE605	0	0	0	0.0	1.0
AE606	0	0	0	0.0	1.0
AG118	0	0	0	0.0	1.0
AG671	0	0	0	0.0	1.0
AG329	0	0	0	0.0	1.0
AB664	0	0	0	0.0	1.0
AB710	0	0	0	0.0	1.0
AD705	0	0	0	0.0	1.0
AF932	0	0	0	0.0	1.0
AC734	0	0	0	0.0	1.0
AC736	0	0	0	0.0	1.0
AC735	0	0	0	0.0	1.0
AE801	0	0	0	0.0	1.0
AA560	0	0	0	0.0	1.0
AF563	0	0	0	0.0	1.0
AB856	0	0	0	0.0	1.0
AB857	0	0	0	0.0	1.0
AB379	0	0	0	0.0	1.0
AE057	0	0	0	0.0	1.0
AG318	0	0	0	0.0	1.0
AG595	0	0	0	0.0	1.0
AG991	0	0	0	0.0	1.0
AC180	0	0	0	0.0	1.0
AF814	0	0	0	0.0	1.0
AA460	0	0	0	0.0	1.0
AE189	0	0	0	0.0	1.0
AC102	0	0	0	0.0	1.0
AB150	0	0	0	0.0	1.0
AF823	0	0	0	0.0	1.0
AC406	0	0	0	0.0	1.0
AF547	0	0	0	0.0	1.0
AE555	0	0	0	0.0	1.0
AE814	0	0	0	0.0	1.0
AD583	0	0	0	0.0	1.0
AE641	0	0	0	0.0	1.0
AF636	0	0	0	0.0	1.0
AE551	0	0	0	0.0	1.0
AE550	0	0	0	0.0	1.0
AC904	0	0	0	0.0	1.0
AD779	0	0	0	0.0	1.0
AD778	0	0	0	0.0	1.0
AC943	0	0	0	0.0	1.0
AH077	0	0	0	0.0	1.0
AD780	0	0	0	0.0	1.0
AG675	0	0	0	0.0	1.0
AD777	0	0	0	0.0	1.0
AD776	0	0	0	0.0	1.0
AD103	0	0	0	0.0	1.0
AB635	0	0	0	0.0	1.0
AF233	0	0	0	0.0	1.0
AB677	0	0	0	0.0	1.0
AD941	0	0	0	0.0	1.0
AF288	0	0	0	0.0	1.0
AF122	0	0	0	0.0	1.0
AF120	0	0	0	0.0	1.0
AF121	0	0	0	0.0	1.0
AE357	0	0	0	0.0	1.0
AE144	0	0	0	0.0	1.0
AF772	0	0	0	0.0	1.0
AF812	0	0	0	0.0	1.0
AH154	0	0	0	0.0	1.0
AE542	0	0	0	0.0	1.0
AG602	0	0	0	0.0	1.0
AC711	0	0	0	0.0	1.0
AC990	0	0	0	0.0	1.0
AG720	0	0	0	0.0	1.0
AF274	0	0	0	0.0	1.0
AD353	0	0	0	0.0	1.0
AC236	0	0	0	0.0	1.0
AG296	0	0	0	0.0	1.0
AG488	0	0	0	0.0	1.0
AC235	0	0	0	0.0	1.0
AG153	0	0	0	0.0	1.0
AG521	0	0	0	0.0	1.0
AF482	0	0	0	0.0	1.0
AA466	0	0	0	0.0	1.0
AF395	0	0	0	0.0	1.0
AD201	0	0	0	0.0	1.0
AD199	0	0	0	0.0	1.0
AD200	0	0	0	0.0	1.0
AE699	0	0	0	0.0	1.0
AD489	0	0	0	0.0	1.0
AF754	0	0	0	0.0	1.0
AE311	0	0	0	0.0	1.0
AF042	0	0	0	0.0	1.0
AF083	0	0	0	0.0	1.0
AB175	0	0	0	0.0	1.0
AD859	0	0	0	0.0	1.0
AE101	0	0	0	0.0	1.0
AD802	0	0	0	0.0	1.0
AC134	0	0	0	0.0	1.0
AB767	0	0	0	0.0	1.0
AE640	0	0	0	0.0	1.0
AE256	0	0	0	0.0	1.0
AG072	0	0	0	0.0	1.0
AC672	0	0	0	0.0	1.0
AF713	0	0	0	0.0	1.0
AG348	0	0	0	0.0	1.0
AC035	0	0	0	0.0	1.0
AF082	0	0	0	0.0	1.0
AC034	0	0	0	0.0	1.0
AC311	0	0	0	0.0	1.0
AA423	0	0	0	0.0	1.0
AG746	0	0	0	0.0	1.0
AG710	0	0	0	0.0	1.0
AB418	0	0	0	0.0	1.0
AC127	0	0	0	0.0	1.0
AB923	0	0	0	0.0	1.0
AD087	0	0	0	0.0	1.0
AG138	0	0	0	0.0	1.0
AE665	0	0	0	0.0	1.0
AF458	0	0	0	0.0	1.0
AG647	0	0	0	0.0	1.0
AA472	0	0	0	0.0	1.0
AD496	0	0	0	0.0	1.0
AG679	0	0	0	0.0	1.0
AE439	0	0	0	0.0	1.0
AB280	0	0	0	0.0	1.0
AE830	0	0	0	0.0	1.0
AB414	0	0	0	0.0	1.0
AC976	0	0	0	0.0	1.0
AC975	0	0	0	0.0	1.0
AC410	0	0	0	0.0	1.0
AF706	0	0	0	0.0	1.0
AD455	0	0	0	0.0	1.0
AE451	0	0	0	0.0	1.0
AB570	0	0	0	0.0	1.0
AF335	0	0	0	0.0	1.0
AC066	0	0	0	0.0	1.0
AD315	0	0	0	0.0	1.0
AB656	0	0	0	0.0	1.0
AG510	0	0	0	0.0	1.0
AE095	0	0	0	0.0	1.0
AE199	0	0	0	0.0	1.0
AB719	0	0	0	0.0	1.0
AE264	0	0	0	0.0	1.0
AB914	0	0	0	0.0	1.0
AF033	0	0	0	0.0	1.0
AD756	0	0	0	0.0	1.0
AC675	0	0	0	0.0	1.0
AD860	0	0	0	0.0	1.0
AC375	0	0	0	0.0	1.0
AD247	0	0	0	0.0	1.0
AE070	0	0	0	0.0	1.0
AC165	0	0	0	0.0	1.0
AF496	0	0	0	0.0	1.0
AG425	0	0	0	0.0	1.0
AC141	0	0	0	0.0	1.0
AB290	0	0	0	0.0	1.0
AC257	0	0	0	0.0	1.0
AD667	0	0	0	0.0	1.0
AG338	0	0	0	0.0	1.0
AF546	0	0	0	0.0	1.0
AB197	0	0	0	0.0	1.0
AF064	0	0	0	0.0	1.0
AC549	0	0	0	0.0	1.0
AH186	0	0	0	0.0	1.0
AE743	0	0	0	0.0	1.0
AD454	0	0	0	0.0	1.0
AG373	0	0	0	0.0	1.0
AB554	0	0	0	0.0	1.0
AF307	0	0	0	0.0	1.0
AB815	0	0	0	0.0	1.0
AF634	0	0	0	0.0	1.0
AD249	0	0	0	0.0	1.0
AD250	0	0	0	0.0	1.0
AD475	0	0	0	0.0	1.0
AD088	0	0	0	0.0	1.0
AE616	0	0	0	0.0	1.0
AD412	0	0	0	0.0	1.0
AE061	0	0	0	0.0	1.0
AF906	0	0	0	0.0	1.0
AG100	0	0	0	0.0	1.0
AG349	0	0	0	0.0	1.0
AH268	0	0	0	0.0	1.0
AF377	0	0	0	0.0	1.0
AG350	0	0	0	0.0	1.0
AF378	0	0	0	0.0	1.0
AE721	0	0	0	0.0	1.0
AH133	0	0	0	0.0	1.0
AE720	0	0	0	0.0	1.0
AC040	0	0	0	0.0	1.0
AC669	0	0	0	0.0	1.0
AB242	0	0	0	0.0	1.0
AE939	0	0	0	0.0	1.0
AF309	0	0	0	0.0	1.0
AA069	0	0	0	0.0	1.0
AD366	0	0	0	0.0	1.0
AB038	0	0	0	0.0	1.0
AB503	0	0	0	0.0	1.0
AE426	0	0	0	0.0	1.0
AC605	0	0	0	0.0	1.0
AE361	0	0	0	0.0	1.0
AE178	0	0	0	0.0	1.0
AG660	0	0	0	0.0	1.0
AC104	0	0	0	0.0	1.0
AC060	0	0	0	0.0	1.0
AB527	0	0	0	0.0	1.0
AF841	0	0	0	0.0	1.0
AF388	0	0	0	0.0	1.0
AE043	0	0	0	0.0	1.0
AF580	0	0	0	0.0	1.0
AF919	0	0	0	0.0	1.0
AC064	0	0	0	0.0	1.0
AE924	0	0	0	0.0	1.0
AG172	0	0	0	0.0	1.0
AE251	0	0	0	0.0	1.0
AF501	0	0	0	0.0	1.0
AC497	0	0	0	0.0	1.0
AA872	0	0	0	0.0	1.0
AA005	0	0	0	0.0	1.0
AB557	0	0	0	0.0	1.0
AE407	0	0	0	0.0	1.0
AA764	0	0	0	0.0	1.0
AF332	0	0	0	0.0	1.0
AE849	0	0	0	0.0	1.0
AD280	0	0	0	0.0	1.0
AA765	0	0	0	0.0	1.0
AA771	0	0	0	0.0	1.0
AA097	0	0	0	0.0	1.0
AD194	0	0	0	0.0	1.0
AG511	0	0	0	0.0	1.0
AA329	0	0	0	0.0	1.0
AB785	0	0	0	0.0	1.0
AC767	0	0	0	0.0	1.0
AD145	0	0	0	0.0	1.0
AC766	0	0	0	0.0	1.0
AG126	0	0	0	0.0	1.0
AD303	0	0	0	0.0	1.0
AD165	0	0	0	0.0	1.0
AF011	0	0	0	0.0	1.0
AF107	0	0	0	0.0	1.0
AE867	0	0	0	0.0	1.0
AF484	0	0	0	0.0	1.0
AB250	0	0	0	0.0	1.0
AD138	0	0	0	0.0	1.0
AD137	0	0	0	0.0	1.0
AG274	0	0	0	0.0	1.0
AE300	0	0	0	0.0	1.0
AA190	0	0	0	0.0	1.0
AF816	0	0	0	0.0	1.0
AG314	0	0	0	0.0	1.0
AC717	0	0	0	0.0	1.0
AE306	0	0	0	0.0	1.0
AD769	0	0	0	0.0	1.0
AE339	0	0	0	0.0	1.0
AE578	0	0	0	0.0	1.0
AF784	0	0	0	0.0	1.0
AA302	0	0	0	0.0	1.0
AF415	0	0	0	0.0	1.0
AF452	0	0	0	0.0	1.0
AA623	0	0	0	0.0	1.0
AG265	0	0	0	0.0	1.0
AD577	0	0	0	0.0	1.0
AC437	0	0	0	0.0	1.0
AE753	0	0	0	0.0	1.0
AE752	0	0	0	0.0	1.0
AE751	0	0	0	0.0	1.0
AE337	0	0	0	0.0	1.0
AH438	0	0	0	0.0	1.0
AF720	0	0	0	0.0	1.0
AC889	0	0	0	0.0	1.0
AF360	0	0	0	0.0	1.0
AD957	0	0	0	0.0	1.0
AG004	0	0	0	0.0	1.0
AF462	0	0	0	0.0	1.0
AB650	0	0	0	0.0	1.0
AF354	0	0	0	0.0	1.0
AE736	0	0	0	0.0	1.0
AE154	0	0	0	0.0	1.0
AE156	0	0	0	0.0	1.0
AE155	0	0	0	0.0	1.0
AB736	0	0	0	0.0	1.0
AG193	0	0	0	0.0	1.0
AD214	0	0	0	0.0	1.0
AG194	0	0	0	0.0	1.0
AF414	0	0	0	0.0	1.0
AG422	0	0	0	0.0	1.0
AF308	0	0	0	0.0	1.0
AB625	0	0	0	0.0	1.0
AF590	0	0	0	0.0	1.0
AD333	0	0	0	0.0	1.0
AC917	0	0	0	0.0	1.0
AC421	0	0	0	0.0	1.0
AF697	0	0	0	0.0	1.0
AC642	0	0	0	0.0	1.0
AD221	0	0	0	0.0	1.0
AA258	0	0	0	0.0	1.0
AF317	0	0	0	0.0	1.0
AA263	0	0	0	0.0	1.0
AF982	0	0	0	0.0	1.0
AB657	0	0	0	0.0	1.0
AC360	0	0	0	0.0	1.0
AE408	0	0	0	0.0	1.0
AE340	0	0	0	0.0	1.0
AF883	0	0	0	0.0	1.0
AB472	0	0	0	0.0	1.0
AC121	0	0	0	0.0	1.0
AD000	0	0	0	0.0	1.0
AB984	0	0	0	0.0	1.0
AC998	0	0	0	0.0	1.0
AC999	0	0	0	0.0	1.0
AB921	0	0	0	0.0	1.0
AF154	0	0	0	0.0	1.0
AE944	0	0	0	0.0	1.0
AD837	0	0	0	0.0	1.0
AE949	0	0	0	0.0	1.0
AD838	0	0	0	0.0	1.0
AA339	0	0	0	0.0	1.0
AB362	0	0	0	0.0	1.0
AD649	0	0	0	0.0	1.0
AD038	0	0	0	0.0	1.0
AF329	0	0	0	0.0	1.0
AE471	0	0	0	0.0	1.0
AC826	0	0	0	0.0	1.0
AC827	0	0	0	0.0	1.0
AE064	0	0	0	0.0	1.0
AE065	0	0	0	0.0	1.0
AA679	0	0	0	0.0	1.0
AE304	0	0	0	0.0	1.0
AE989	0	0	0	0.0	1.0
AD126	0	0	0	0.0	1.0
AD367	0	0	0	0.0	1.0
AC467	0	0	0	0.0	1.0
AC696	0	0	0	0.0	1.0
AD472	0	0	0	0.0	1.0
AD522	0	0	0	0.0	1.0
AA794	0	0	0	0.0	1.0
AG554	0	0	0	0.0	1.0
AE546	0	0	0	0.0	1.0
AD602	0	0	0	0.0	1.0
AA283	0	0	0	0.0	1.0
AE916	0	0	0	0.0	1.0
AF525	0	0	0	0.0	1.0
AE303	0	0	0	0.0	1.0
AC854	0	0	0	0.0	1.0
AC853	0	0	0	0.0	1.0
AE617	0	0	0	0.0	1.0
AE618	0	0	0	0.0	1.0
AG490	0	0	0	0.0	1.0
AC036	0	0	0	0.0	1.0
AD703	0	0	0	0.0	1.0
AE490	0	0	0	0.0	1.0
AD478	0	0	0	0.0	1.0
AF383	0	0	0	0.0	1.0
AB530	0	0	0	0.0	1.0
AD870	0	0	0	0.0	1.0
AD402	0	0	0	0.0	1.0
AC506	0	0	0	0.0	1.0
AG310	0	0	0	0.0	1.0
AG651	0	0	0	0.0	1.0
AA209	0	0	0	0.0	1.0
AC480	0	0	0	0.0	1.0
AF848	0	0	0	0.0	1.0
AC479	0	0	0	0.0	1.0
AC481	0	0	0	0.0	1.0
AB555	0	0	0	0.0	1.0
AB773	0	0	0	0.0	1.0
AG650	0	0	0	0.0	1.0
AF100	0	0	0	0.0	1.0
AG131	0	0	0	0.0	1.0
AG340	0	0	0	0.0	1.0
AC843	0	0	0	0.0	1.0
AA348	0	0	0	0.0	1.0
AA180	0	0	0	0.0	1.0
AG749	0	0	0	0.0	1.0
AD580	0	0	0	0.0	1.0
AD372	0	0	0	0.0	1.0
AC692	0	0	0	0.0	1.0
AE738	0	0	0	0.0	1.0
AE252	0	0	0	0.0	1.0
AB967	0	0	0	0.0	1.0
AH033	0	0	0	0.0	1.0
AD601	0	0	0	0.0	1.0
AC583	0	0	0	0.0	1.0
AB772	0	0	0	0.0	1.0
AA407	0	0	0	0.0	1.0
AA432	0	0	0	0.0	1.0
AC851	0	0	0	0.0	1.0
AE780	0	0	0	0.0	1.0
AD797	0	0	0	0.0	1.0
AB103	0	0	0	0.0	1.0
AC830	0	0	0	0.0	1.0
AC380	0	0	0	0.0	1.0
AD795	0	0	0	0.0	1.0
AB084	0	0	0	0.0	1.0
AB171	0	0	0	0.0	1.0
AB366	0	0	0	0.0	1.0
AB778	0	0	0	0.0	1.0
AG269	0	0	0	0.0	1.0
AA904	0	0	0	0.0	1.0
AA595	0	0	0	0.0	1.0
AA163	0	0	0	0.0	1.0
AF780	0	0	0	0.0	1.0
AA557	0	0	0	0.0	1.0
AB400	0	0	0	0.0	1.0
AF514	0	0	0	0.0	1.0
AE764	0	0	0	0.0	1.0
AF104	0	0	0	0.0	1.0
AD499	0	0	0	0.0	1.0
AF303	0	0	0	0.0	1.0
AF333	0	0	0	0.0	1.0
AG015	0	0	0	0.0	1.0
AG157	0	0	0	0.0	1.0
AA192	0	0	0	0.0	1.0
AD291	0	0	0	0.0	1.0
AC420	0	0	0	0.0	1.0
AD624	0	0	0	0.0	1.0
AB936	0	0	0	0.0	1.0
AG217	0	0	0	0.0	1.0
AC798	0	0	0	0.0	1.0
AD740	0	0	0	0.0	1.0
AF843	0	0	0	0.0	1.0
AF554	0	0	0	0.0	1.0
AF500	0	0	0	0.0	1.0
AB899	0	0	0	0.0	1.0
AF842	0	0	0	0.0	1.0
AA597	0	0	0	0.0	1.0
AF304	0	0	0	0.0	1.0
AE336	0	0	0	0.0	1.0
AG179	0	0	0	0.0	1.0
AB759	0	0	0	0.0	1.0
AC797	0	0	0	0.0	1.0
AD885	0	0	0	0.0	1.0
AD706	0	0	0	0.0	1.0
AF431	0	0	0	0.0	1.0
AF365	0	0	0	0.0	1.0
AF361	0	0	0	0.0	1.0
AD185	0	0	0	0.0	1.0
AG423	0	0	0	0.0	1.0
AA535	0	0	0	0.0	1.0
AH267	0	0	0	0.0	1.0
AH271	0	0	0	0.0	1.0
AE708	0	0	0	0.0	1.0
AD305	0	0	0	0.0	1.0
AB696	0	0	0	0.0	1.0
AD302	0	0	0	0.0	1.0
AF894	0	0	0	0.0	1.0
AC992	0	0	0	0.0	1.0
AC993	0	0	0	0.0	1.0
AG812	0	0	0	0.0	1.0
AC150	0	0	0	0.0	1.0
AC769	0	0	0	0.0	1.0
AD533	0	0	0	0.0	1.0
AF852	0	0	0	0.0	1.0
AE093	0	0	0	0.0	1.0
AA154	0	0	0	0.0	1.0
AA170	0	0	0	0.0	1.0
AF148	0	0	0	0.0	1.0
AE006	0	0	0	0.0	1.0
AA564	0	0	0	0.0	1.0
AC417	0	0	0	0.0	1.0
AD916	0	0	0	0.0	1.0
AC415	0	0	0	0.0	1.0
AD915	0	0	0	0.0	1.0
AA638	0	0	0	0.0	1.0
AF298	0	0	0	0.0	1.0
AE281	0	0	0	0.0	1.0
AE282	0	0	0	0.0	1.0
AC326	0	0	0	0.0	1.0
AD800	0	0	0	0.0	1.0
AC863	0	0	0	0.0	1.0
AF312	0	0	0	0.0	1.0
AF398	0	0	0	0.0	1.0
AA963	0	0	0	0.0	1.0
AD124	0	0	0	0.0	1.0
AH483	0	0	0	0.0	1.0
AF548	0	0	0	0.0	1.0
AC246	0	0	0	0.0	1.0
AG872	0	0	0	0.0	1.0
AC238	0	0	0	0.0	1.0
AG141	0	0	0	0.0	1.0
AF213	0	0	0	0.0	1.0
AD396	0	0	0	0.0	1.0
AF214	0	0	0	0.0	1.0
AF212	0	0	0	0.0	1.0
AD944	0	0	0	0.0	1.0
AA678	0	0	0	0.0	1.0
AG415	0	0	0	0.0	1.0
AE082	0	0	0	0.0	1.0
AG235	0	0	0	0.0	1.0
AA900	0	0	0	0.0	1.0
AE149	0	0	0	0.0	1.0
AF245	0	0	0	0.0	1.0
AD418	0	0	0	0.0	1.0
AF084	0	0	0	0.0	1.0
AF387	0	0	0	0.0	1.0
AD324	0	0	0	0.0	1.0
AD282	0	0	0	0.0	1.0
AB666	0	0	0	0.0	1.0
AB665	0	0	0	0.0	1.0
AB878	0	0	0	0.0	1.0
AD642	0	0	0	0.0	1.0
AC537	0	0	0	0.0	1.0
AF830	0	0	0	0.0	1.0
AC597	0	0	0	0.0	1.0
AD591	0	0	0	0.0	1.0
AE214	0	0	0	0.0	1.0
AD074	0	0	0	0.0	1.0
AC724	0	0	0	0.0	1.0
AD127	0	0	0	0.0	1.0
AC351	0	0	0	0.0	1.0
AE046	0	0	0	0.0	1.0
AD767	0	0	0	0.0	1.0
AH401	0	0	0	0.0	1.0
AG596	0	0	0	0.0	1.0
AA016	0	0	0	0.0	1.0
AE223	0	0	0	0.0	1.0
AF764	0	0	0	0.0	1.0
AD584	0	0	0	0.0	1.0
AD326	0	0	0	0.0	1.0
AF129	0	0	0	0.0	1.0
AF351	0	0	0	0.0	1.0
AF350	0	0	0	0.0	1.0
AA548	0	0	0	0.0	1.0
AE021	0	0	0	0.0	1.0
AG037	0	0	0	0.0	1.0
AE161	0	0	0	0.0	1.0
AE162	0	0	0	0.0	1.0
AE160	0	0	0	0.0	1.0
AE164	0	0	0	0.0	1.0
AE163	0	0	0	0.0	1.0
AE157	0	0	0	0.0	1.0
AE159	0	0	0	0.0	1.0
AE158	0	0	0	0.0	1.0
AD821	0	0	0	0.0	1.0
AB426	0	0	0	0.0	1.0
AE757	0	0	0	0.0	1.0
AB283	0	0	0	0.0	1.0
AE931	0	0	0	0.0	1.0
AE522	0	0	0	0.0	1.0
AB968	0	0	0	0.0	1.0
AE525	0	0	0	0.0	1.0
AH242	0	0	0	0.0	1.0
AB733	0	0	0	0.0	1.0
AG075	0	0	0	0.0	1.0
AF188	0	0	0	0.0	1.0
AA116	0	0	0	0.0	1.0
AA129	0	0	0	0.0	1.0
AB183	0	0	0	0.0	1.0
AC478	0	0	0	0.0	1.0
AF201	0	0	0	0.0	1.0
AC712	0	0	0	0.0	1.0
AD735	0	0	0	0.0	1.0
AB776	0	0	0	0.0	1.0
AE706	0	0	0	0.0	1.0
AC903	0	0	0	0.0	1.0
AF504	0	0	0	0.0	1.0
AF505	0	0	0	0.0	1.0
AG024	0	0	0	0.0	1.0
AG023	0	0	0	0.0	1.0
AD775	0	0	0	0.0	1.0
AD773	0	0	0	0.0	1.0
AD774	0	0	0	0.0	1.0
AE261	0	0	0	0.0	1.0
AF923	0	0	0	0.0	1.0
AD300	0	0	0	0.0	1.0
AF289	0	0	0	0.0	1.0
AG909	0	0	0	0.0	1.0
AE677	0	0	0	0.0	1.0
AC374	0	0	0	0.0	1.0
AE564	0	0	0	0.0	1.0
AA773	0	0	0	0.0	1.0
AD283	0	0	0	0.0	1.0
AG723	0	0	0	0.0	1.0
AD398	0	0	0	0.0	1.0
AH495	0	0	0	0.0	1.0
AC476	0	0	0	0.0	1.0
AC922	0	0	0	0.0	1.0
AF185	0	0	0	0.0	1.0
AC259	0	0	0	0.0	1.0
AB869	0	0	0	0.0	1.0
AC115	0	0	0	0.0	1.0
AC840	0	0	0	0.0	1.0
AD691	0	0	0	0.0	1.0
AD374	0	0	0	0.0	1.0
AE749	0	0	0	0.0	1.0
AG308	0	0	0	0.0	1.0
AC615	0	0	0	0.0	1.0
AD661	0	0	0	0.0	1.0
AC622	0	0	0	0.0	1.0
AG476	0	0	0	0.0	1.0
AB991	0	0	0	0.0	1.0
AE091	0	0	0	0.0	1.0
AE432	0	0	0	0.0	1.0
AG479	0	0	0	0.0	1.0
AG478	0	0	0	0.0	1.0
AG465	0	0	0	0.0	1.0
AE431	0	0	0	0.0	1.0
AF614	0	0	0	0.0	1.0
AG707	0	0	0	0.0	1.0
AA167	0	0	0	0.0	1.0
AB251	0	0	0	0.0	1.0
AG613	0	0	0	0.0	1.0
AF384	0	0	0	0.0	1.0
AF270	0	0	0	0.0	1.0
AD227	0	0	0	0.0	1.0
AD978	0	0	0	0.0	1.0
AA164	0	0	0	0.0	1.0
AA165	0	0	0	0.0	1.0
AC491	0	0	0	0.0	1.0
AC924	0	0	0	0.0	1.0
AC568	0	0	0	0.0	1.0
AC477	0	0	0	0.0	1.0
AB692	0	0	0	0.0	1.0
AF204	0	0	0	0.0	1.0
AC090	0	0	0	0.0	1.0
AD579	0	0	0	0.0	1.0
AC369	0	0	0	0.0	1.0
AC501	0	0	0	0.0	1.0
AF262	0	0	0	0.0	1.0
AD009	0	0	0	0.0	1.0
AF683	0	0	0	0.0	1.0
AF684	0	0	0	0.0	1.0
AC441	0	0	0	0.0	1.0
AC292	0	0	0	0.0	1.0
AG191	0	0	0	0.0	1.0
AD714	0	0	0	0.0	1.0
AE003	0	0	0	0.0	1.0
AE483	0	0	0	0.0	1.0
AB511	0	0	0	0.0	1.0
AB517	0	0	0	0.0	1.0
AC545	0	0	0	0.0	1.0
AC439	0	0	0	0.0	1.0
AF072	0	0	0	0.0	1.0
AF502	0	0	0	0.0	1.0
AC499	0	0	0	0.0	1.0
AD648	0	0	0	0.0	1.0
AE260	0	0	0	0.0	1.0
AG403	0	0	0	0.0	1.0
AG404	0	0	0	0.0	1.0
AE493	0	0	0	0.0	1.0
AG642	0	0	0	0.0	1.0
AA064	0	0	0	0.0	1.0
AF132	0	0	0	0.0	1.0
AE299	0	0	0	0.0	1.0
AB730	0	0	0	0.0	1.0
AE537	0	0	0	0.0	1.0
AB661	0	0	0	0.0	1.0
AB659	0	0	0	0.0	1.0
AB660	0	0	0	0.0	1.0
AF008	0	0	0	0.0	1.0
AG424	0	0	0	0.0	1.0
AD497	0	0	0	0.0	1.0
AB278	0	0	0	0.0	1.0
AF915	0	0	0	0.0	1.0
AF264	0	0	0	0.0	1.0
AG202	0	0	0	0.0	1.0
AB977	0	0	0	0.0	1.0
AF851	0	0	0	0.0	1.0
AF081	0	0	0	0.0	1.0
AC371	0	0	0	0.0	1.0
AD998	0	0	0	0.0	1.0
AE698	0	0	0	0.0	1.0
AE697	0	0	0	0.0	1.0
AD104	0	0	0	0.0	1.0
AG383	0	0	0	0.0	1.0
AD114	0	0	0	0.0	1.0
AF654	0	0	0	0.0	1.0
AE959	0	0	0	0.0	1.0
AA211	0	0	0	0.0	1.0
AA092	0	0	0	0.0	1.0
AB644	0	0	0	0.0	1.0
AG253	0	0	0	0.0	1.0
AB728	0	0	0	0.0	1.0
AG558	0	0	0	0.0	1.0
AB365	0	0	0	0.0	1.0
AH193	0	0	0	0.0	1.0
AG176	0	0	0	0.0	1.0
AC498	0	0	0	0.0	1.0
AA009	0	0	0	0.0	1.0
AC795	0	0	0	0.0	1.0
AF265	0	0	0	0.0	1.0
AG214	0	0	0	0.0	1.0
AG709	0	0	0	0.0	1.0
AG213	0	0	0	0.0	1.0
AG536	0	0	0	0.0	1.0
AF310	0	0	0	0.0	1.0
AD660	0	0	0	0.0	1.0
AD713	0	0	0	0.0	1.0
AD596	0	0	0	0.0	1.0
AC472	0	0	0	0.0	1.0
AC979	0	0	0	0.0	1.0
AE397	0	0	0	0.0	1.0
AB296	0	0	0	0.0	1.0
AF739	0	0	0	0.0	1.0
AF740	0	0	0	0.0	1.0
AA704	0	0	0	0.0	1.0
AB522	0	0	0	0.0	1.0
AC876	0	0	0	0.0	1.0
AB523	0	0	0	0.0	1.0
AF195	0	0	0	0.0	1.0
AA326	0	0	0	0.0	1.0
AA769	0	0	0	0.0	1.0
AF474	0	0	0	0.0	1.0
AA099	0	0	0	0.0	1.0
AE136	0	0	0	0.0	1.0
AD871	0	0	0	0.0	1.0
AF513	0	0	0	0.0	1.0
AA545	0	0	0	0.0	1.0
AE466	0	0	0	0.0	1.0
AE535	0	0	0	0.0	1.0
AG454	0	0	0	0.0	1.0
AD792	0	0	0	0.0	1.0
AC153	0	0	0	0.0	1.0
AH322	0	0	0	0.0	1.0
AF101	0	0	0	0.0	1.0
AC338	0	0	0	0.0	1.0
AF324	0	0	0	0.0	1.0
AF727	0	0	0	0.0	1.0
AC248	0	0	0	0.0	1.0
AG387	0	0	0	0.0	1.0
AG388	0	0	0	0.0	1.0
AH187	0	0	0	0.0	1.0
AE298	0	0	0	0.0	1.0
AD306	0	0	0	0.0	1.0
AC856	0	0	0	0.0	1.0
AA088	0	0	0	0.0	1.0
AB068	0	0	0	0.0	1.0
AE169	0	0	0	0.0	1.0
AB284	0	0	0	0.0	1.0
AF991	0	0	0	0.0	1.0
AC124	0	0	0	0.0	1.0
AE873	0	0	0	0.0	1.0
AD492	0	0	0	0.0	1.0
AE951	0	0	0	0.0	1.0
AG337	0	0	0	0.0	1.0
AB636	0	0	0	0.0	1.0
AD120	0	0	0	0.0	1.0
AA094	0	0	0	0.0	1.0
AA006	0	0	0	0.0	1.0
AE541	0	0	0	0.0	1.0
AA763	0	0	0	0.0	1.0
AA068	0	0	0	0.0	1.0
AB416	0	0	0	0.0	1.0
AG524	0	0	0	0.0	1.0
AD677	0	0	0	0.0	1.0
AC987	0	0	0	0.0	1.0
AE142	0	0	0	0.0	1.0
AG559	0	0	0	0.0	1.0
AC502	0	0	0	0.0	1.0
AC608	0	0	0	0.0	1.0
AB051	0	0	0	0.0	1.0
AF956	0	0	0	0.0	1.0
AD380	0	0	0	0.0	1.0
AE588	0	0	0	0.0	1.0
AC630	0	0	0	0.0	1.0
AG101	0	0	0	0.0	1.0
AG275	0	0	0	0.0	1.0
AG837	0	0	0	0.0	1.0
AE703	0	0	0	0.0	1.0
AB429	0	0	0	0.0	1.0
AE906	0	0	0	0.0	1.0
AD816	0	0	0	0.0	1.0
AC294	0	0	0	0.0	1.0
AF323	0	0	0	0.0	1.0
AF761	0	0	0	0.0	1.0
AA686	0	0	0	0.0	1.0
AC008	0	0	0	0.0	1.0
AH021	0	0	0	0.0	1.0
AC057	0	0	0	0.0	1.0
AD707	0	0	0	0.0	1.0
AG713	0	0	0	0.0	1.0
AA205	0	0	0	0.0	1.0
AA216	0	0	0	0.0	1.0
AC664	0	0	0	0.0	1.0
AB001	0	0	0	0.0	1.0
AD130	0	0	0	0.0	1.0
AC804	0	0	0	0.0	1.0
AE481	0	0	0	0.0	1.0
AA740	0	0	0	0.0	1.0
AB512	0	0	0	0.0	1.0
AD558	0	0	0	0.0	1.0
AF413	0	0	0	0.0	1.0
AB508	0	0	0	0.0	1.0
AH088	0	0	0	0.0	1.0
AB368	0	0	0	0.0	1.0
AE848	0	0	0	0.0	1.0
AE700	0	0	0	0.0	1.0
AE702	0	0	0	0.0	1.0
AB599	0	0	0	0.0	1.0
AD458	0	0	0	0.0	1.0
AE789	0	0	0	0.0	1.0
AA065	0	0	0	0.0	1.0
AB902	0	0	0	0.0	1.0
AA366	0	0	0	0.0	1.0
AE314	0	0	0	0.0	1.0
AA206	0	0	0	0.0	1.0
AA201	0	0	0	0.0	1.0
AA236	0	0	0	0.0	1.0
AF073	0	0	0	0.0	1.0
AB870	0	0	0	0.0	1.0
AG205	0	0	0	0.0	1.0
AF719	0	0	0	0.0	1.0
AF322	0	0	0	0.0	1.0
AB203	0	0	0	0.0	1.0
AE646	0	0	0	0.0	1.0
AB259	0	0	0	0.0	1.0
AC775	0	0	0	0.0	1.0
AE203	0	0	0	0.0	1.0
AF498	0	0	0	0.0	1.0
AE921	0	0	0	0.0	1.0
AF585	0	0	0	0.0	1.0
AC610	0	0	0	0.0	1.0
AE400	0	0	0	0.0	1.0
AB132	0	0	0	0.0	1.0
AG672	0	0	0	0.0	1.0
AE232	0	0	0	0.0	1.0
AG187	0	0	0	0.0	1.0
AG319	0	0	0	0.0	1.0
AE701	0	0	0	0.0	1.0
AE201	0	0	0	0.0	1.0
AE629	0	0	0	0.0	1.0
AG564	0	0	0	0.0	1.0
AF176	0	0	0	0.0	1.0
AF602	0	0	0	0.0	1.0
AF605	0	0	0	0.0	1.0
AA928	0	0	0	0.0	1.0
AA985	0	0	0	0.0	1.0
AG703	0	0	0	0.0	1.0
AH346	0	0	0	0.0	1.0
AD702	0	0	0	0.0	1.0
AG529	0	0	0	0.0	1.0
AF228	0	0	0	0.0	1.0
AA219	0	0	0	0.0	1.0
AG528	0	0	0	0.0	1.0
AA225	0	0	0	0.0	1.0
AD187	0	0	0	0.0	1.0
AG936	0	0	0	0.0	1.0
AE624	0	0	0	0.0	1.0
AH310	0	0	0	0.0	1.0
AE313	0	0	0	0.0	1.0
AA111	0	0	0	0.0	1.0
AE519	0	0	0	0.0	1.0
AA741	0	0	0	0.0	1.0
AF618	0	0	0	0.0	1.0
AF635	0	0	0	0.0	1.0
AD204	0	0	0	0.0	1.0
AD424	0	0	0	0.0	1.0
AE911	0	0	0	0.0	1.0
AC158	0	0	0	0.0	1.0
AD623	0	0	0	0.0	1.0
AE434	0	0	0	0.0	1.0
AA529	0	0	0	0.0	1.0
AG276	0	0	0	0.0	1.0
AF511	0	0	0	0.0	1.0
AF229	0	0	0	0.0	1.0
AF230	0	0	0	0.0	1.0
AH398	0	0	0	0.0	1.0
AF536	0	0	0	0.0	1.0
AG017	0	0	0	0.0	1.0
AB632	0	0	0	0.0	1.0
AC794	0	0	0	0.0	1.0
AE639	0	0	0	0.0	1.0
AC857	0	0	0	0.0	1.0
AF060	0	0	0	0.0	1.0
AG825	0	0	0	0.0	1.0
AH469	0	0	0	0.0	1.0
AC126	0	0	0	0.0	1.0
AF257	0	0	0	0.0	1.0
AC052	0	0	0	0.0	1.0
AG889	0	0	0	0.0	1.0
AC050	0	0	0	0.0	1.0
AD059	0	0	0	0.0	1.0
AD571	0	0	0	0.0	1.0
AD709	0	0	0	0.0	1.0
AH470	0	0	0	0.0	1.0
AG826	0	0	0	0.0	1.0
AH494	0	0	0	0.0	1.0
AH435	0	0	0	0.0	1.0
AF468	0	0	0	0.0	1.0
AH023	0	0	0	0.0	1.0
AG784	0	0	0	0.0	1.0
AG098	0	0	0	0.0	1.0
AG706	0	0	0	0.0	1.0
AF882	0	0	0	0.0	1.0
AB440	0	0	0	0.0	1.0
AA943	0	0	0	0.0	1.0
AG356	0	0	0	0.0	1.0
AD343	0	0	0	0.0	1.0
AG285	0	0	0	0.0	1.0
AF026	0	0	0	0.0	1.0
AB514	0	0	0	0.0	1.0
AD456	0	0	0	0.0	1.0
AB518	0	0	0	0.0	1.0
AD434	0	0	0	0.0	1.0
AC758	0	0	0	0.0	1.0
AE354	0	0	0	0.0	1.0
AF244	0	0	0	0.0	1.0
AD045	0	0	0	0.0	1.0
